sleep_log_entry_id,timestamp,overall_score,composition_score,revitalization_score,duration_score,deep_sleep_in_minutes,resting_heart_rate,restlessness
39865459384,2023-01-19T06:33:30Z,78,21,21,36,56,72,0.08367071524966262
39852823120,2023-01-18T06:34:00Z,80,21,23,36,82,73,0.05308464849354376
39827588605,2023-01-16T09:32:30Z,72,18,17,37,48,73,0.15920398009950248
39817738697,2023-01-15T09:25:30Z,72,18,19,35,43,71,0.0563165905631659
39805446353,2023-01-14T09:30:00Z,75,19,22,34,39,71,0.0391156462585034
39803531781,2023-01-13T06:33:00Z,68,16,20,32,59,70,0.0702054794520548
39779526065,2023-01-12T11:02:00Z,67,16,16,35,53,69,0.11778290993071594
39765990764,2023-01-11T06:06:00Z,87,21,23,43,75,70,0.07292817679558011
39756388209,2023-01-09T04:32:30Z,66,17,16,33,76,71,0.08497723823975721
39756388208,2023-01-08T08:14:30Z,77,17,19,41,74,72,0.0779768177028451
39756388207,2023-01-07T07:17:00Z,80,21,17,42,92,71,0.07529162248144221
39756388206,2023-01-06T06:15:00Z,85,21,22,42,80,71,0.08161044613710555
39756388205,2023-01-05T07:39:30Z,92,23,22,47,110,72,0.07477567298105683
39756388204,2023-01-04T07:46:30Z,88,22,21,45,95,72,0.07393364928909953
39641614644,2023-01-01T09:23:00Z,82,19,21,42,101,73,0.08278867102396514
39629939166,2022-12-31T09:27:30Z,71,18,17,36,52,70,0.06241331484049931
39617549247,2022-12-30T07:41:30Z,82,22,21,39,89,72,0.07168458781362007
39606173740,2022-12-29T08:36:00Z,85,22,21,42,90,74,0.09846153846153846
39549204817,2022-12-24T07:43:00Z,77,20,15,42,51,74,0.08672936259143156
39538244735,2022-12-23T06:37:30Z,64,17,15,32,24,72,0.08776978417266187
39528690358,2022-12-22T06:32:30Z,76,18,22,36,51,72,0.05912596401028278
39516675125,2022-12-21T06:34:30Z,82,21,22,39,104,72,0.0665163472378805
39504766154,2022-12-20T06:23:30Z,83,21,23,39,69,73,0.08116545265348596
39491999387,2022-12-19T06:10:30Z,85,22,23,40,99,76,0.056308654848800835
39470603602,2022-12-17T07:13:00Z,78,22,20,36,92,76,0.09914320685434516
39460069381,2022-12-16T07:16:30Z,85,21,24,40,78,76,0.05870646766169154
39446117612,2022-12-15T06:38:30Z,86,23,22,41,111,76,0.06910994764397906
39434307767,2022-12-14T06:34:30Z,75,21,22,32,42,73,0.05555555555555555
39408656941,2022-12-11T07:49:30Z,77,18,21,38,72,71,0.09165526675786594
39408656940,2022-12-10T08:11:00Z,85,22,21,42,106,71,0.09052183173588925
39408656938,2022-12-09T09:46:00Z,70,20,13,37,54,70,0.05714285714285714
39408656936,2022-12-08T06:13:30Z,76,20,22,34,44,70,0.0824524312896406
39408656935,2022-12-07T06:09:30Z,79,21,22,36,70,70,0.08683853459972862
39166584579,2022-11-21T05:58:00Z,81,21,23,37,75,73,0.07797537619699042
39118582283,2022-11-17T06:05:00Z,77,21,22,34,82,73,0.0606826801517067
39108241612,2022-11-16T06:07:00Z,87,21,23,43,69,73,0.061714285714285715
39096998672,2022-11-15T06:04:00Z,76,20,23,33,71,72,0.04595879556259905
39085675983,2022-11-14T06:06:30Z,79,19,22,38,66,70,0.09523809523809523
39085675982,2022-11-13T10:11:30Z,66,17,15,34,51,70,0.05701078582434515
39085675981,2022-11-12T03:55:30Z,75,21,18,36,64,69,0.060092449922958396
39085675980,2022-11-11T08:13:00Z,82,22,21,39,89,69,0.06844547563805105
39085675978,2022-11-10T06:13:30Z,83,20,21,42,70,69,0.07596253902185224
39085675976,2022-11-09T01:37:00Z,63,17,16,30,41,69,0.05555555555555555
39085675975,2022-11-08T07:55:00Z,89,23,20,46,121,68,0.0843155031731641
37885593153,2022-08-04T07:40:30Z,84,21,21,42,69,68,0.07897664071190211
37874893377,2022-08-03T07:53:00Z,81,21,20,40,67,67,0.07047387606318348
37863255151,2022-08-02T08:21:30Z,62,16,20,26,30,69,0.11447811447811448
37851584396,2022-08-01T08:32:30Z,86,22,22,42,100,70,0.07659115426105717
37840526431,2022-07-31T08:03:00Z,80,18,19,43,70,70,0.06764374295377677
37817422303,2022-07-29T07:42:30Z,84,22,22,40,86,70,0.09132947976878612
37805929626,2022-07-28T07:40:00Z,83,22,21,40,97,70,0.0743321718931475
37794287296,2022-07-27T07:47:30Z,79,17,23,39,48,70,0.07303370786516854
37783724308,2022-07-26T07:48:30Z,80,18,20,42,99,69,0.10010764262648009
37765638101,2022-07-25T07:53:00Z,83,21,23,39,59,70,0.07160493827160494
37741334647,2022-07-23T08:49:30Z,79,22,15,42,88,68,0.09081527347781218
37729230842,2022-07-22T08:38:00Z,86,21,22,43,69,68,0.06571741511500548
37714886449,2022-07-21T07:46:00Z,77,21,20,36,68,68,0.0611353711790393
37703374553,2022-07-20T07:47:30Z,81,21,21,39,55,69,0.07491082045184304
37689947789,2022-07-19T07:39:30Z,83,21,23,39,69,71,0.0710128055878929
37655304795,2022-07-16T07:18:30Z,81,21,22,38,61,72,0.07453416149068323
37644806939,2022-07-15T07:59:00Z,80,23,21,36,112,73,0.07942708333333333
37633934776,2022-07-14T06:47:00Z,80,21,22,37,80,72,0.052770448548812667
37633934775,2022-07-13T07:38:00Z,82,21,19,42,80,72,0.08324768756423433
37609247477,2022-07-12T07:45:00Z,79,21,19,39,57,71,0.06177156177156177
37597546519,2022-07-11T07:46:30Z,83,21,20,42,65,70,0.08483563096500531
37586833274,2022-07-10T09:16:00Z,86,22,19,45,90,70,0.08711433756805807
37525602902,2022-07-05T07:30:30Z,88,21,24,43,79,72,0.07078651685393259
37495272018,2022-07-02T07:04:30Z,78,21,20,37,80,73,0.08480565371024736
37479475395,2022-07-01T08:59:30Z,79,21,22,36,45,74,0.0847457627118644
37453066367,2022-06-29T07:19:30Z,79,21,20,38,72,73,0.10265282583621683
37445111774,2022-06-28T07:23:30Z,81,21,22,38,79,73,0.07644882860665844
37445111773,2022-06-25T07:06:30Z,85,22,20,43,90,71,0.05851063829787234
37445111772,2022-06-24T06:01:30Z,86,22,22,42,92,71,0.08795811518324607
37445111771,2022-06-23T05:56:30Z,79,21,21,37,68,71,0.09325153374233129
37445111770,2022-06-22T05:55:00Z,84,22,20,42,124,71,0.06288032454361055
37332319733,2022-06-19T08:34:30Z,75,18,19,38,85,68,0.06942752740560293
37307491751,2022-06-17T05:49:00Z,84,22,19,43,93,67,0.07407407407407407
37299832072,2022-06-16T05:58:00Z,84,21,20,43,65,68,0.05849889624724062
37299832071,2022-06-15T05:59:30Z,65,16,21,28,54,68,0.10676691729323308
37299832069,2022-06-14T06:01:30Z,78,21,18,39,42,69,0.09159347553324969
37299832068,2022-06-12T08:45:30Z,83,21,19,43,82,68,0.0737527114967462
37299832067,2022-06-11T09:01:30Z,76,20,17,39,107,67,0.0832553788587465
37299832066,2022-06-10T05:57:00Z,81,21,21,39,67,67,0.06650544135429262
37059560413,2022-05-28T07:46:00Z,86,23,17,46,113,68,0.0669683257918552
37047024066,2022-05-27T05:58:30Z,81,21,21,39,72,68,0.06839622641509434
37033820326,2022-05-26T06:05:00Z,84,22,19,43,93,67,0.046511627906976744
37024658641,2022-05-25T05:57:30Z,81,21,21,39,54,68,0.07364341085271318
37024658640,2022-05-24T06:01:30Z,83,21,23,39,103,68,0.05804111245465538
37024658639,2022-05-23T08:38:00Z,78,20,21,37,58,68,0.06636155606407322
36960995727,2022-05-20T06:09:00Z,79,21,15,43,48,66,0.06256860592755215
36946989709,2022-05-19T06:03:30Z,77,21,18,38,81,65,0.08901734104046242
36933004512,2022-05-18T05:45:30Z,83,22,21,40,96,67,0.06272617611580217
36919438505,2022-05-17T06:10:30Z,80,21,21,38,81,67,0.11153846153846154
36906611546,2022-05-16T06:09:30Z,80,21,21,38,79,68,0.05052878965922444
36881662981,2022-05-14T06:07:30Z,67,21,14,32,47,66,0.09271523178807947
36876614193,2022-05-13T21:35:00Z,74,20,22,32,32,67,0.0547945205479452
36871255800,2022-05-13T06:00:00Z,85,23,19,43,108,67,0.052204176334106726
36859420895,2022-05-12T05:56:00Z,76,21,16,39,82,66,0.0599250936329588
36845570530,2022-05-11T06:17:00Z,85,21,21,43,80,67,0.05711086226203808
36833641576,2022-05-10T06:13:30Z,77,20,21,36,92,70,0.08913308913308914
36807590299,2022-05-08T08:31:00Z,83,21,20,42,71,70,0.06552094522019335
36797579955,2022-05-07T09:27:00Z,81,21,17,43,60,69,0.05931321540062435
36783931658,2022-05-06T07:23:30Z,80,21,13,46,60,66,0.07777777777777778
36774034217,2022-05-05T07:29:30Z,83,21,20,42,73,67,0.09309967141292443
36774034216,2022-05-04T05:36:00Z,52,17,16,19,65,65,0.13653603034134007
36774034215,2022-05-03T06:05:00Z,82,21,22,39,46,65,0.0456490727532097
36774034214,2022-05-02T06:51:00Z,72,19,15,38,54,63,0.061511423550087874
36774034213,2022-05-01T08:51:30Z,55,15,13,27,37,63,0.07032967032967033
36774034210,2022-04-30T09:38:00Z,62,20,13,29,34,63,0.06493506493506493
36774034209,2022-04-30T03:47:30Z,60,17,16,27,41,63,0.07952286282306163
36774034208,2022-04-29T05:59:30Z,60,17,12,31,44,62,0.16685330347144456
36603653484,2022-04-22T06:17:30Z,72,19,15,38,63,63,0.13203684749232344
36590827294,2022-04-21T06:11:30Z,70,21,17,32,76,64,0.16049382716049382
36579218000,2022-04-20T06:15:00Z,75,20,16,39,67,64,0.13519091847265222
36564498810,2022-04-19T06:08:30Z,70,16,19,35,71,66,0.14776274713839752
36552078178,2022-04-18T07:53:00Z,74,18,17,39,73,66,0.11448834853090173
36543473863,2022-04-17T09:18:00Z,76,21,17,38,63,65,0.0476878612716763
36515070724,2022-04-15T07:56:00Z,76,20,18,38,52,65,0.1320754716981132
36501821228,2022-04-14T06:20:30Z,69,20,15,34,95,64,0.13717277486910995
36494436179,2022-04-13T04:30:00Z,81,20,22,39,54,65,0.07313997477931904
36494436178,2022-04-12T04:33:00Z,76,19,20,37,40,65,0.07224334600760456
36460914244,2022-04-11T04:35:30Z,78,21,21,36,64,67,0.07934336525307797
36447806185,2022-04-10T08:53:00Z,65,17,15,33,47,65,0.12526096033402923
36435117034,2022-04-09T09:04:00Z,76,24,11,41,146,64,0.1276440554339898
36428270223,2022-04-08T04:53:30Z,78,21,20,37,81,64,0.07956104252400549
36428270222,2022-04-04T04:53:00Z,79,22,20,37,83,65,0.08251748251748252
36428270221,2022-04-03T08:48:00Z,81,21,16,44,100,65,0.13101604278074866
36428270220,2022-04-02T05:15:00Z,76,19,20,37,41,64,0.05697445972495088
36243412726,2022-03-25T07:22:00Z,73,19,19,35,73,65,0.1188118811881188
36230529893,2022-03-24T07:17:30Z,74,21,18,35,60,64,0.10235131396957123
36217261971,2022-03-23T06:36:00Z,83,22,21,40,94,66,0.08700696055684455
36204050561,2022-03-22T06:48:00Z,82,21,22,39,70,68,0.0648508430609598
36173209860,2022-03-20T08:43:00Z,86,22,21,43,89,72,0.09130434782608696
36161277591,2022-03-19T07:41:30Z,83,23,14,46,119,69,0.11207645525629888
36146330747,2022-03-18T04:59:00Z,71,19,24,28,43,72,0.05649717514124294
36135067679,2022-03-17T06:51:30Z,77,20,19,38,88,73,0.11441144114411442
36135067678,2022-03-16T05:26:30Z,79,21,21,37,70,73,0.07840440165061899
36135067677,2022-03-15T06:22:00Z,75,21,18,36,80,73,0.13192612137203166
36135067675,2022-03-13T09:14:30Z,81,22,18,41,104,73,0.09157509157509157
36070251111,2022-03-12T07:32:30Z,76,20,16,40,98,72,0.10126582278481013
36060066107,2022-03-11T06:24:00Z,79,21,21,37,79,74,0.09050772626931568
36060066106,2022-03-10T06:05:00Z,78,21,20,37,63,73,0.12485939257592801
36060066105,2022-03-09T06:09:00Z,80,21,21,38,59,74,0.10107015457788347
36060066102,2022-03-06T08:15:00Z,72,18,16,38,37,73,0.10983397190293742
36060066101,2022-03-05T07:47:30Z,73,23,11,39,116,72,0.13590033975084936
35480258194,2022-01-27T04:53:00Z,81,22,20,39,104,67,0.08540925266903915
35463565625,2022-01-26T05:01:30Z,77,21,20,36,55,67,0.07827260458839407
35450418313,2022-01-25T05:02:00Z,78,19,20,39,46,68,0.07125
35435725242,2022-01-24T04:56:30Z,75,20,20,35,56,68,0.0905292479108635
35425121795,2022-01-23T08:09:00Z,83,22,20,41,84,69,0.09559613319011816
35396465511,2022-01-21T04:44:30Z,70,20,17,33,38,67,0.06910039113428944
35386817302,2022-01-20T08:06:30Z,82,21,22,39,46,68,0.07622298065984073
35371821742,2022-01-19T07:30:30Z,78,21,18,39,75,67,0.06749156355455568
35359690330,2022-01-18T08:28:30Z,81,23,19,39,107,67,0.1047180667433832
35346016346,2022-01-17T08:31:00Z,84,21,23,40,64,69,0.07790697674418605
35333628022,2022-01-16T08:52:30Z,80,21,22,37,70,71,0.06927374301675977
35319168622,2022-01-15T07:36:30Z,64,17,13,34,59,69,0.11785297549591599
35307205924,2022-01-14T08:36:30Z,86,21,23,42,69,70,0.06448087431693988
35296248262,2022-01-13T08:05:00Z,75,21,15,39,61,67,0.08005082592121983
35296248260,2022-01-12T06:44:30Z,72,16,21,35,33,67,0.0896
35296248259,2022-01-11T08:20:30Z,80,21,21,38,54,67,0.06290115532734275
35296248258,2022-01-10T07:08:00Z,58,14,14,30,26,67,0.09242424242424242
35296248257,2022-01-09T08:33:00Z,76,16,21,39,74,67,0.08303249097472924
35296248256,2022-01-08T09:06:00Z,76,21,14,41,113,66,0.10657370517928287
35199857284,2022-01-06T08:42:30Z,84,22,20,42,100,66,0.08315565031982942
35183644433,2022-01-05T07:59:30Z,72,18,20,34,55,66,0.09078014184397164
35170756201,2022-01-04T09:17:00Z,86,22,21,43,96,69,0.10478128179043744
35156479087,2022-01-03T08:26:00Z,84,21,21,42,67,69,0.07982740021574973
35144698481,2022-01-02T08:58:30Z,82,20,19,43,72,68,0.08779931584948689
35130875857,2022-01-01T08:57:30Z,85,22,18,45,102,66,0.07417840375586854
35118652710,2021-12-31T09:28:30Z,82,22,20,40,104,69,0.09951219512195122
35071294083,2021-12-27T09:13:30Z,78,21,15,42,78,67,0.10214504596527069
35057321822,2021-12-26T09:11:30Z,79,19,20,40,70,69,0.11619047619047619
35046627907,2021-12-25T08:49:30Z,84,21,22,41,65,71,0.09090909090909091
35036276638,2021-12-24T09:31:00Z,81,21,18,42,53,71,0.1074561403508772
35024208672,2021-12-23T09:06:30Z,75,18,18,39,81,71,0.09518477043673013
35012206392,2021-12-22T09:10:00Z,71,19,15,37,67,69,0.10792951541850221
34999842811,2021-12-21T08:55:30Z,79,21,21,37,84,69,0.08610792192881746
34988878771,2021-12-20T09:37:00Z,77,16,19,42,34,69,0.11063372717508056
34977487764,2021-12-19T08:47:30Z,82,21,17,44,82,69,0.13401109057301294
34966977845,2021-12-18T09:07:30Z,79,21,20,38,86,69,0.08865248226950355
34954723796,2021-12-17T09:02:00Z,86,23,20,43,116,69,0.08333333333333333
34942481809,2021-12-16T08:19:00Z,80,20,20,40,64,70,0.0718562874251497
34930168515,2021-12-15T08:53:00Z,83,21,22,40,85,72,0.08518877057115198
34917539986,2021-12-14T09:47:00Z,74,21,16,37,60,71,0.11671087533156499
34910596442,2021-12-13T23:57:30Z,66,18,21,27,32,72,0.1386861313868613
34903049391,2021-12-13T08:41:30Z,81,20,19,42,62,72,0.07324516785350967
34894616379,2021-12-12T07:10:30Z,79,21,22,36,62,75,0.08122503328894808
34853908208,2021-12-09T08:23:30Z,74,21,14,39,102,74,0.12968591691995948
34843642860,2021-12-08T08:41:30Z,73,20,15,38,72,72,0.09684439608269858
34829639659,2021-12-07T07:04:30Z,77,21,19,37,93,72,0.10757409440175632
34817547063,2021-12-06T07:58:00Z,83,21,16,46,75,71,0.09536307961504811
34801437504,2021-12-05T07:26:00Z,82,21,19,42,82,71,0.09823182711198428
34791809626,2021-12-04T07:14:30Z,76,18,17,41,78,71,0.10069790628115653
34785005090,2021-12-03T07:18:00Z,86,22,20,44,96,74,0.10517666392769104
34785005089,2021-11-30T07:33:00Z,86,22,20,44,97,74,0.1031390134529148
34728751732,2021-11-29T06:56:30Z,68,17,16,35,98,73,0.11902113459399333
34708310433,2021-11-27T19:50:00Z,75,18,23,34,28,74,0.05788423153692615
34701150096,2021-11-27T02:36:00Z,64,15,20,29,26,74,0.10432569974554708
34693350120,2021-11-26T08:54:00Z,66,20,14,32,57,73,0.09605488850771869
34687742767,2021-11-26T01:37:30Z,65,21,13,31,53,73,0.06017699115044248
34670269098,2021-11-24T04:24:30Z,49,14,16,19,27,70,0.14628297362110312
34670269097,2021-11-23T09:04:30Z,72,20,13,39,55,69,0.1473170731707317
34670269096,2021-11-22T08:48:00Z,76,19,17,40,83,69,0.11044776119402985
34670269095,2021-11-21T10:03:30Z,79,22,18,39,91,69,0.13346418056918546
34670269094,2021-11-20T08:43:30Z,81,21,17,43,129,68,0.11443298969072165
34670269092,2021-11-19T09:01:30Z,81,21,19,41,111,68,0.10829268292682927
34670269091,2021-11-18T09:08:30Z,76,20,16,40,74,68,0.10854947166186359
34502356379,2021-11-11T07:36:30Z,82,22,22,38,98,70,0.09965635738831616
34491104539,2021-11-10T08:08:00Z,82,17,23,42,81,73,0.08762322015334063
34478400041,2021-11-09T08:36:30Z,61,17,19,25,39,72,0.09719626168224299
34469807277,2021-11-08T07:47:30Z,76,21,13,42,105,67,0.10601427115188583
34469807276,2021-11-07T05:16:30Z,69,17,19,33,37,66,0.06352087114337568
34469807274,2021-11-06T05:31:00Z,76,21,20,35,59,66,0.05898491083676269
34469807273,2021-11-05T05:03:30Z,73,18,19,36,40,66,0.09152086137281291
34469807271,2021-11-04T04:57:00Z,73,20,20,33,75,66,0.08925869894099848
34469807269,2021-11-03T05:46:00Z,78,21,20,37,79,66,0.1034928848641656
34305583331,2021-10-26T04:58:30Z,71,20,16,35,89,72,0.10593713620488941
34305583330,2021-10-25T04:59:00Z,83,22,21,40,90,72,0.09187279151943463
34305583329,2021-10-24T05:04:30Z,83,24,17,42,129,70,0.06510138740661686
34305583328,2021-10-22T05:38:30Z,69,20,19,30,40,70,0.1263318112633181
34305583327,2021-10-21T07:29:00Z,78,21,18,39,59,70,0.10852713178294573
34305583326,2021-10-20T06:16:00Z,74,16,21,37,61,70,0.06109725685785536
34208734459,2021-10-18T06:36:30Z,84,21,22,41,51,69,0.09735449735449736
34195770009,2021-10-17T06:49:30Z,82,22,22,38,96,72,0.08211473565804274
34183251790,2021-10-16T06:58:30Z,80,21,22,37,46,73,0.08568207440811725
34183251789,2021-10-15T07:46:30Z,75,20,22,33,50,73,0.08322496749024708
34156749536,2021-10-14T07:06:00Z,79,18,21,40,108,75,0.08915906788247213
34146072393,2021-10-13T06:20:30Z,71,17,19,35,87,72,0.07872078720787208
34146072391,2021-10-12T05:59:00Z,83,20,20,43,82,72,0.07701019252548132
34146072390,2021-10-11T05:47:00Z,66,15,21,30,72,72,0.06529850746268656
34146072389,2021-10-10T05:32:30Z,71,21,21,29,50,72,0.11341632088520055
34093851694,2021-10-09T07:47:00Z,84,22,22,40,87,72,0.08937960042060988
34082989124,2021-10-08T08:42:30Z,77,16,21,40,72,71,0.06935332708528585
34070948807,2021-10-07T08:21:00Z,79,17,21,41,96,69,0.10240334378265413
34055611385,2021-10-06T06:25:30Z,72,20,20,32,93,70,0.11802853437094682
34045272735,2021-10-05T08:55:00Z,88,22,20,46,96,68,0.10810810810810811
34032019749,2021-10-04T09:05:30Z,86,22,22,42,83,69,0.07936507936507936
34017619098,2021-10-03T08:31:00Z,86,22,22,42,91,69,0.07926167209554831
34005843853,2021-10-02T09:03:00Z,87,22,22,43,91,69,0.0790899241603467
33994438324,2021-10-01T09:04:00Z,86,22,21,43,92,67,0.09060022650056625
33969773726,2021-09-29T08:37:30Z,70,18,19,33,75,65,0.11038251366120219
33956176627,2021-09-28T10:16:00Z,82,22,19,41,84,64,0.09519136408243375
33940643758,2021-09-27T09:10:30Z,80,19,19,42,68,64,0.11009174311926606
33927431229,2021-09-26T09:03:00Z,86,22,21,43,86,64,0.07545271629778671
33923625047,2021-09-25T09:39:30Z,84,22,21,41,91,64,0.07744433688286544
33907184367,2021-09-24T09:17:00Z,91,22,22,47,86,66,0.06713426853707415
33890015347,2021-09-23T09:51:30Z,82,17,21,44,66,66,0.10425716768027801
33873809928,2021-09-22T09:13:30Z,81,19,19,43,89,67,0.1392857142857143
33861023319,2021-09-21T08:57:30Z,76,18,22,36,84,69,0.0908130939809926
33846649700,2021-09-20T09:35:30Z,84,18,21,45,95,70,0.09768637532133675
33833819307,2021-09-19T09:40:30Z,86,21,21,44,79,72,0.136986301369863
33829982636,2021-09-18T08:51:00Z,83,19,21,43,66,74,0.10839160839160839
33829982635,2021-09-17T09:43:00Z,90,24,21,45,139,75,0.12489307100085544
33829982634,2021-09-16T08:50:30Z,89,24,21,44,127,75,0.10418310970797158
33829982633,2021-09-15T08:22:00Z,84,18,21,45,77,75,0.10971223021582734
33829982632,2021-09-14T07:38:00Z,86,20,20,46,100,76,0.13047363717605004
33755149699,2021-09-13T09:55:00Z,78,17,19,42,50,79,0.16421780466724287
33735950159,2021-09-11T08:36:00Z,69,15,12,42,72,78,0.09054726368159204
33727375308,2021-09-10T05:14:30Z,63,17,16,30,70,75,0.11854103343465046
33712775226,2021-09-09T08:59:00Z,78,19,13,46,96,73,0.11049723756906077
33712775225,2021-09-08T08:15:30Z,78,18,14,46,87,73,0.11965811965811966
33679318091,2021-09-07T08:04:30Z,79,21,17,41,92,70,0.104
33667225585,2021-09-06T06:29:30Z,74,19,18,37,67,70,0.1686746987951807
33654934148,2021-09-05T08:17:00Z,78,20,20,38,84,70,0.11507479861910241
33642347034,2021-09-04T08:48:00Z,79,19,20,40,80,70,0.13528855250709557
33630309649,2021-09-03T08:18:00Z,80,20,22,38,57,71,0.10778443113772455
33623974442,2021-09-02T06:42:30Z,64,17,11,36,66,68,0.1345093715545755
33623974441,2021-09-01T07:36:30Z,72,19,16,37,80,68,0.11326860841423948
33623974440,2021-08-31T08:23:00Z,80,21,22,37,94,68,0.08816425120772947
33574361027,2021-08-30T09:17:00Z,80,19,20,41,51,69,0.11722731906218145
33560679055,2021-08-29T08:21:00Z,85,19,20,46,95,69,0.11025886864813039
33549700241,2021-08-28T08:54:00Z,80,21,21,38,51,70,0.12625698324022347
33536591957,2021-08-27T08:37:00Z,75,20,18,37,66,68,0.12053571428571429
33524960193,2021-08-26T09:08:00Z,82,21,22,39,78,67,0.05896510228640193
33513212973,2021-08-25T10:05:30Z,73,17,19,37,49,66,0.1084070796460177
33500416707,2021-08-24T11:24:00Z,87,22,20,45,94,66,0.07358490566037736
33486764876,2021-08-23T09:42:30Z,81,19,20,42,65,66,0.1148577449947313
33481568854,2021-08-22T09:53:00Z,79,17,21,41,69,66,0.0748502994011976
33460220380,2021-08-21T11:08:00Z,85,23,19,43,124,66,0.1314708299096138
33448492761,2021-08-20T08:53:00Z,84,19,22,43,63,68,0.07372793354101766
33440340370,2021-08-19T08:25:00Z,77,19,20,38,59,70,0.08244680851063829
33440340369,2021-08-18T09:24:00Z,76,21,23,32,59,71,0.06948640483383686
33413870792,2021-08-17T05:47:00Z,84,19,21,44,114,70,0.10824313072439634
33394413786,2021-08-16T05:24:30Z,68,18,17,33,72,68,0.11259259259259259
33381212833,2021-08-15T06:04:00Z,77,21,18,38,73,67,0.06530089628681178
33369110663,2021-08-14T05:44:30Z,79,21,22,36,54,68,0.07682291666666667
33366813433,2021-08-13T05:44:30Z,76,21,23,32,52,71,0.06104129263913824
33366813432,2021-08-12T04:21:00Z,77,19,22,36,64,71,0.08908045977011494
33366813430,2021-08-11T05:44:00Z,76,20,23,33,40,72,0.08914728682170543
33311794282,2021-08-10T05:46:30Z,74,17,21,36,83,74,0.10783055198973042
33295796873,2021-08-09T06:35:00Z,66,20,19,27,37,72,0.05515587529976019
33284104685,2021-08-08T07:38:30Z,57,13,15,29,26,69,0.05799648506151142
33284104682,2021-08-07T04:43:30Z,79,19,20,40,88,69,0.094662638469285
33246191534,2021-08-05T05:44:30Z,81,22,21,38,94,70,0.10549943883277217
33241230291,2021-08-04T16:54:00Z,55,15,12,28,15,69,0.0774818401937046
33228037947,2021-08-03T16:02:30Z,51,20,12,19,28,67,0.08955223880597014
33218010246,2021-08-03T01:41:00Z,69,18,16,35,58,67,0.0688622754491018
33208561423,2021-08-02T05:38:30Z,69,20,20,29,75,69,0.07487520798668885
33196766099,2021-08-01T06:32:30Z,86,20,21,45,127,70,0.09886264216972879
33187310013,2021-07-31T06:34:00Z,79,21,23,35,55,71,0.09063893016344725
33177692661,2021-07-30T05:53:30Z,66,17,22,27,63,74,0.11066398390342053
33177692659,2021-07-29T06:30:00Z,75,18,21,36,81,74,0.1374233128834356
33144305771,2021-07-28T06:25:30Z,58,16,16,26,70,72,0.08291873963515754
33139262550,2021-07-27T05:44:30Z,70,20,18,32,49,70,0.08530805687203792
33139262548,2021-07-26T07:08:00Z,64,16,18,30,32,70,0.08538587848932677
33139262547,2021-07-24T06:38:00Z,79,17,22,40,65,70,0.10564102564102563
33081467393,2021-07-23T05:44:30Z,75,21,17,37,68,67,0.044755244755244755
33071380207,2021-07-22T05:36:30Z,64,16,20,28,44,67,0.09165302782324058
33064489084,2021-07-21T16:41:30Z,56,14,15,27,22,65,0.061170212765957445
33056185230,2021-07-21T06:36:30Z,76,19,17,40,90,65,0.10174717368961973
33050332343,2021-07-20T15:42:30Z,61,20,13,28,29,66,0.08446866485013624
33041990254,2021-07-20T03:42:30Z,65,17,20,28,66,66,0.0994671403197158
33029683872,2021-07-19T09:28:30Z,83,22,21,40,107,67,0.08790072388831438
33023814191,2021-07-18T09:25:30Z,80,20,20,40,100,67,0.11549566891241578
33004383822,2021-07-17T08:07:30Z,74,20,22,32,68,69,0.07607192254495158
32992333558,2021-07-16T08:09:00Z,77,17,22,38,81,69,0.07857142857142857
32986144422,2021-07-15T08:30:00Z,81,20,21,40,82,69,0.072480181200453
32986144421,2021-07-14T08:31:00Z,76,20,22,34,48,68,0.05789473684210526
32952753007,2021-07-13T08:03:30Z,83,22,18,43,94,67,0.06256860592755215
32940681921,2021-07-12T07:55:30Z,72,17,22,33,83,68,0.1039426523297491
32935626943,2021-07-11T19:00:00Z,71,18,21,32,36,69,0.09610389610389611
32927149170,2021-07-11T07:40:30Z,83,20,22,41,50,69,0.09873949579831932
32914662613,2021-07-10T07:26:30Z,83,22,21,40,98,69,0.09073170731707317
32886101751,2021-07-08T09:23:30Z,71,16,16,39,66,67,0.14355948869223206
32875894731,2021-07-07T09:50:00Z,84,17,20,47,81,67,0.11869436201780416
32862062884,2021-07-06T09:48:30Z,85,22,22,41,86,67,0.08826479438314945
32850473831,2021-07-05T09:42:30Z,78,17,21,40,53,69,0.10089020771513353
32841937853,2021-07-04T09:17:30Z,75,18,19,38,70,71,0.14926829268292682
32811914818,2021-07-02T08:23:30Z,78,21,20,37,68,71,0.11855104281009879
32798454901,2021-07-01T09:12:30Z,79,20,20,39,72,71,0.12746234067207415
32784356623,2021-06-30T08:08:30Z,76,18,16,42,59,68,0.12376779846659365
32768443077,2021-06-29T08:38:30Z,78,19,18,41,74,67,0.13793103448275862
32754669757,2021-06-28T08:55:00Z,73,20,18,35,60,66,0.10182767624020887
32741428568,2021-06-27T08:46:00Z,82,21,21,40,96,67,0.08458864426419467
32728420494,2021-06-26T10:05:00Z,82,22,17,43,94,67,0.1054421768707483
32716930842,2021-06-25T08:25:30Z,74,17,21,36,70,68,0.11890606420927467
32702251113,2021-06-24T09:34:00Z,87,22,20,45,122,69,0.13386524822695037
32687261292,2021-06-23T08:57:00Z,83,19,18,46,96,68,0.13247470101195952
32673504922,2021-06-22T08:31:30Z,77,22,18,37,90,69,0.0931899641577061
32666146043,2021-06-21T09:17:30Z,70,19,17,34,77,68,0.10352941176470588
32666146042,2021-06-20T10:46:00Z,73,20,18,35,86,68,0.06986899563318777
32638170346,2021-06-19T08:29:30Z,69,17,18,34,91,67,0.1053740779768177
32638170345,2021-06-18T08:32:00Z,81,21,18,42,85,67,0.10957446808510639
32638170343,2021-06-16T07:20:30Z,83,21,20,42,73,66,0.12985571587125416
32586412831,2021-06-15T06:27:00Z,86,21,22,43,76,68,0.09331919406150584
32586412830,2021-06-14T04:33:30Z,66,17,19,30,66,69,0.14349775784753363
32563735248,2021-06-13T07:39:00Z,86,20,19,47,80,68,0.08658420551855375
32563735246,2021-06-12T07:09:00Z,86,22,20,44,105,68,0.1068075117370892
32563735245,2021-06-11T06:32:00Z,80,21,19,40,43,67,0.09489916963226572
32563735243,2021-06-10T06:23:00Z,79,22,17,40,85,67,0.12039800995024875
32510061940,2021-06-09T00:20:30Z,72,21,14,37,54,64,0.06622516556291391
32472747458,2021-06-07T07:08:30Z,75,21,22,32,52,67,0.10566615620214395
32472747456,2021-06-06T07:32:30Z,75,17,20,38,52,67,0.1091753774680604
32453281819,2021-06-05T05:28:00Z,71,20,21,30,44,70,0.09208103130755065
32453281817,2021-06-04T05:53:00Z,77,20,23,34,28,70,0.06290672451193059
32453281815,2021-06-03T05:50:30Z,78,21,23,34,43,71,0.05152979066022544
32453281813,2021-06-02T05:35:30Z,76,21,23,32,52,71,0.06518010291595197
32453281810,2021-05-31T10:58:30Z,66,21,17,28,46,71,0.04851752021563342
32453281808,2021-05-30T05:33:00Z,76,20,22,34,59,72,0.10276073619631902
32362052702,2021-05-29T05:50:00Z,81,20,24,37,41,75,0.05895196506550218
32362052700,2021-05-28T04:07:30Z,74,20,22,32,41,73,0.06633499170812604
32362052698,2021-05-27T05:50:30Z,62,17,21,24,45,72,0.10022779043280182
32362052697,2021-05-26T05:33:00Z,82,21,23,38,51,72,0.045774647887323945
32362052694,2021-05-25T03:22:30Z,67,17,20,30,41,71,0.08148148148148149
32362052691,2021-05-23T09:48:00Z,59,20,13,26,51,71,0.10024449877750612
32362052690,2021-05-23T02:02:30Z,69,19,21,29,19,71,0.11067961165048544
32224004870,2021-05-19T05:44:00Z,76,21,23,32,66,73,0.07110438729198185
32205959878,2021-05-18T05:36:30Z,76,20,17,39,37,72,0.07446808510638298
32206577432,2021-05-17T09:28:00Z,64,16,12,36,48,70,0.1121898597626753
32206577430,2021-05-15T08:49:30Z,70,18,20,32,51,70,0.08603667136812412
32206577428,2021-05-14T07:32:30Z,81,21,23,37,80,70,0.06174496644295302
32140216839,2021-05-13T06:09:00Z,63,16,19,28,30,70,0.07188160676532769
32132718597,2021-05-12T06:52:00Z,65,17,13,35,53,69,0.05380333951762523
32111574956,2021-05-11T05:39:00Z,72,20,20,32,25,68,0.08771929824561403
32097893612,2021-05-10T05:29:30Z,68,20,20,28,35,68,0.07611548556430446
32088962489,2021-05-09T05:42:30Z,69,19,22,28,51,69,0.07422680412371134
32088962487,2021-05-08T05:43:00Z,68,17,15,36,61,69,0.05945121951219512
32064095075,2021-05-07T06:04:30Z,65,17,19,29,34,70,0.1441578148710167
32064095073,2021-05-06T17:06:00Z,62,14,20,28,19,70,0.06983240223463687
32064095072,2021-05-06T05:47:30Z,75,21,20,34,59,70,0.12408759124087591
32064095071,2021-05-05T13:55:00Z,62,16,18,28,43,70,0.06153846153846154
32064095069,2021-05-05T06:06:00Z,82,21,21,40,78,70,0.07278481012658228
32018232112,2021-05-04T07:01:30Z,73,21,19,33,71,70,0.07883211678832117
32004909691,2021-05-03T07:04:00Z,82,21,23,38,49,73,0.056865464632454926
32002332069,2021-05-02T06:04:00Z,68,20,13,35,66,70,0.06376811594202898
31989904673,2021-05-01T06:59:30Z,77,21,19,37,46,69,0.07891770011273957
31989904672,2021-04-30T09:05:30Z,67,20,15,32,36,68,0.07608695652173914
31989904670,2021-04-29T06:40:00Z,62,20,14,28,33,67,0.07643312101910828
31989904668,2021-04-28T09:36:00Z,81,18,20,43,79,68,0.06395939086294417
31989904667,2021-04-27T09:50:00Z,82,22,20,40,97,68,0.05748502994011976
31989904665,2021-04-26T09:26:00Z,71,16,21,34,83,68,0.056818181818181816
31900286616,2021-04-25T09:10:30Z,83,19,19,45,82,69,0.0827966881324747
31900286615,2021-04-24T08:26:00Z,80,20,18,42,73,69,0.09006211180124224
31878377482,2021-04-23T10:55:00Z,84,20,19,45,128,70,0.08492366412213741
31878377481,2021-04-22T09:41:30Z,78,21,19,38,76,70,0.08366013071895424
31847661745,2021-04-21T08:59:00Z,77,21,21,35,70,70,0.07692307692307693
31847661744,2021-04-20T07:17:00Z,80,21,23,36,65,71,0.05555555555555555
31847661743,2021-04-19T08:31:00Z,90,21,23,46,74,71,0.07262021589793916
31803127959,2021-04-18T09:23:00Z,70,17,18,35,33,70,0.08308157099697885
31803127957,2021-04-17T08:48:00Z,87,20,21,46,86,70,0.05462962962962963
31803127956,2021-04-16T10:06:30Z,80,21,20,39,73,70,0.07701564380264742
31758801211,2021-04-15T04:56:00Z,69,20,18,31,48,68,0.0784313725490196
31758801210,2021-04-14T09:20:30Z,83,19,21,43,72,68,0.07936507936507936
31758801209,2021-04-13T09:15:00Z,74,17,19,38,70,68,0.08916586768935762
31758801208,2021-04-12T08:20:00Z,80,20,23,37,71,69,0.07019867549668875
31707671986,2021-04-11T08:57:30Z,85,21,22,42,95,69,0.08713272543059777
31689867358,2021-04-10T09:02:00Z,86,22,18,46,90,69,0.13683223992502344
31677122648,2021-04-09T09:07:30Z,71,21,14,36,67,67,0.054945054945054944
31677122647,2021-04-08T08:45:00Z,83,21,19,43,65,67,0.07625272331154684
31644387279,2021-04-07T08:39:00Z,84,21,20,43,61,66,0.06610703043022036
31637460798,2021-04-06T08:06:30Z,75,22,18,35,103,66,0.09280500521376434
31612348115,2021-04-05T07:52:30Z,83,21,21,41,87,68,0.12512315270935961
31599822284,2021-04-04T07:46:00Z,86,22,21,43,97,70,0.10526315789473684
31586462458,2021-04-03T07:07:00Z,90,23,22,45,121,72,0.10871602624179943
31572811393,2021-04-02T07:12:30Z,84,22,21,41,87,74,0.1269961977186312
31564030458,2021-04-01T06:03:00Z,68,16,16,36,40,72,0.0878594249201278
31564030457,2021-03-31T08:43:30Z,78,18,20,40,53,71,0.1217750257997936
31525171013,2021-03-29T08:42:00Z,77,20,16,41,95,68,0.1337890625
31525171012,2021-03-28T07:36:00Z,66,17,11,38,65,67,0.1456400742115028
31491349625,2021-03-27T07:49:00Z,80,22,11,47,101,66,0.1163003663003663
31477902209,2021-03-26T06:29:00Z,78,20,22,36,53,68,0.09131075110456553
31465778817,2021-03-25T08:25:00Z,84,21,22,41,85,72,0.09925293489861259
31461989876,2021-03-24T10:05:00Z,88,22,21,45,117,74,0.10945273631840796
31461989875,2021-03-23T08:40:30Z,79,19,22,38,52,75,0.08610086100861009
31461989874,2021-03-22T08:32:00Z,75,17,22,36,67,76,0.07721046077210461
31411254362,2021-03-21T09:50:30Z,77,18,17,42,115,73,0.10230692076228685
31411254359,2021-03-20T09:03:00Z,83,18,23,42,94,73,0.0947603121516165
31411254358,2021-03-18T09:13:00Z,83,21,21,41,66,72,0.11027027027027027
31411254357,2021-03-17T10:13:00Z,86,21,22,43,77,72,0.07352941176470588
31411254356,2021-03-16T09:48:30Z,86,21,23,42,56,72,0.08533916849015317
31411254354,2021-03-15T09:02:00Z,86,22,22,42,84,73,0.09478168264110756
31267987480,2021-03-11T07:35:30Z,72,20,13,39,86,72,0.10662177328843996
31254535736,2021-03-10T08:43:00Z,67,16,11,40,84,70,0.11746031746031746
31240210663,2021-03-09T08:55:30Z,81,21,20,40,64,70,0.08603351955307263
31230582927,2021-03-08T07:31:00Z,78,19,21,38,44,70,0.08073817762399077
31205960274,2021-03-06T17:23:00Z,57,15,15,27,25,70,0.11779448621553884
31187252514,2021-03-05T08:34:00Z,88,22,21,45,98,70,0.1063627730294397
31173045248,2021-03-04T09:31:00Z,79,17,19,43,86,71,0.16806722689075632
31162042794,2021-03-03T10:09:30Z,81,19,22,40,59,71,0.12108980827447023
31153467292,2021-03-02T09:02:00Z,74,18,18,38,70,72,0.17892824704813806
31153467291,2021-03-01T08:54:30Z,88,22,23,43,102,72,0.07452725250278086
31120087282,2021-02-28T08:58:00Z,84,21,18,45,103,72,0.14103585657370518
31100754097,2021-02-27T07:43:30Z,82,19,21,42,95,73,0.12240437158469945
31092476026,2021-02-26T09:05:00Z,83,22,21,40,91,76,0.10640732265446225
31075555902,2021-02-25T09:45:30Z,81,19,22,40,89,78,0.10630291627469426
31063690336,2021-02-24T08:33:00Z,83,21,21,41,95,80,0.13098729227761485
31063690335,2021-02-23T09:19:00Z,75,20,17,38,59,80,0.15555555555555556
31031521649,2021-02-22T10:28:30Z,83,20,21,42,49,82,0.12434141201264488
31031521647,2021-02-21T08:59:30Z,70,21,15,34,73,82,0.14583333333333334
31004688354,2021-02-20T08:25:00Z,74,21,17,36,71,80,0.10354223433242507
30993044032,2021-02-19T07:22:30Z,77,21,21,35,54,80,0.10699588477366255
30993044031,2021-02-18T07:55:30Z,79,21,19,39,85,79,0.09122006841505131
30962032421,2021-02-17T06:54:30Z,59,16,18,25,74,79,0.10875706214689265
30962032420,2021-02-16T10:14:00Z,80,22,21,37,101,79,0.09170854271356783
30962032419,2021-02-15T09:49:00Z,72,20,14,38,119,78,0.1038961038961039
30962032418,2021-02-14T10:32:00Z,80,20,22,38,86,79,0.07964601769911504
30907292150,2021-02-13T09:55:30Z,68,17,15,36,58,76,0.09744214372716199
30904606429,2021-02-12T08:05:00Z,76,19,22,35,74,77,0.11259754738015608
30904606428,2021-02-11T08:15:00Z,77,19,20,38,72,77,0.09480812641083522
30904606427,2021-02-10T08:26:00Z,84,23,19,42,108,78,0.08514851485148515
30850018342,2021-02-09T08:59:30Z,80,19,21,40,110,78,0.07640878701050621
30835031888,2021-02-08T03:51:30Z,57,17,13,27,37,76,0.07709750566893424
30826458129,2021-02-07T06:53:30Z,67,18,17,32,47,74,0.061898211829436035
30826458128,2021-02-06T08:52:30Z,74,22,15,37,95,73,0.07833537331701346
30826458127,2021-02-05T08:54:30Z,83,22,18,43,93,73,0.11099691675231244
30826458126,2021-02-04T09:34:00Z,81,21,21,39,66,73,0.0875995449374289
30773459793,2021-02-03T09:24:30Z,86,22,18,46,90,73,0.09686346863468635
30751270142,2021-02-02T09:04:30Z,86,23,17,46,119,73,0.11164581328200192
30747614281,2021-02-01T09:49:30Z,67,16,16,35,50,72,0.1592356687898089
30747614280,2021-01-31T09:50:00Z,89,22,20,47,101,72,0.09519321394910461
30747614279,2021-01-30T09:28:30Z,79,22,18,39,96,72,0.09378531073446328
30747614277,2021-01-29T09:01:00Z,78,21,19,38,80,72,0.06205250596658711
30681012815,2021-01-28T10:14:30Z,83,21,18,44,78,72,0.14897260273972604
30669492118,2021-01-27T09:06:30Z,79,18,19,42,99,73,0.0876803551609323
30669492116,2021-01-26T08:29:00Z,79,21,21,37,78,73,0.10391061452513967
30642785761,2021-01-25T09:59:30Z,88,22,20,46,94,74,0.08302919708029197
30642785760,2021-01-24T09:01:30Z,84,21,21,42,77,74,0.1040339702760085
30642785759,2021-01-23T09:52:30Z,82,23,14,45,117,74,0.12067352666043031
30642785758,2021-01-22T10:20:30Z,88,22,20,46,96,74,0.08840864440078586
30579946959,2021-01-21T10:09:30Z,78,21,18,39,81,74,0.10009813542688911
30570339498,2021-01-20T09:25:30Z,80,22,13,45,92,72,0.10008340283569642
30570339497,2021-01-19T09:52:30Z,76,19,13,44,84,72,0.08411214953271028
30535130876,2021-01-18T09:55:00Z,80,21,18,41,77,72,0.09153543307086615
30524895551,2021-01-17T09:58:00Z,73,20,14,39,78,70,0.12208760484622554
30510912739,2021-01-16T09:40:30Z,77,21,11,45,63,68,0.11623439000960614
30510912738,2021-01-15T09:49:30Z,78,22,12,44,92,67,0.10247651579846286
30510912737,2021-01-14T10:17:00Z,75,20,14,41,70,67,0.1160275319567355
30466253490,2021-01-13T09:44:00Z,83,22,19,42,85,67,0.09851694915254237
30466253488,2021-01-12T09:30:00Z,66,16,13,37,70,67,0.16022099447513813
30426240974,2021-01-11T10:16:00Z,85,22,20,43,109,68,0.11213389121338913
30414824525,2021-01-10T10:08:30Z,91,25,20,46,142,68,0.07281964436917866
30400385762,2021-01-09T08:49:30Z,85,21,22,42,78,71,0.10520487264673312
30397139375,2021-01-08T09:15:00Z,83,22,21,40,92,73,0.07389749702026222
30397139374,2021-01-07T09:02:30Z,80,21,22,37,66,73,0.07639680729760548
30368939452,2021-01-06T09:33:00Z,77,22,18,37,102,73,0.07479224376731301
30341872243,2021-01-05T09:39:30Z,77,22,11,44,105,71,0.13911620294599017
30339669648,2021-01-04T08:15:00Z,77,21,17,39,80,69,0.04731457800511509
30319770509,2021-01-03T08:54:00Z,80,22,16,42,92,68,0.10010111223458039
30303729484,2021-01-02T08:05:00Z,74,21,18,35,86,70,0.12703962703962704
30294452331,2021-01-01T09:21:00Z,84,19,23,42,52,72,0.06875631951466127
30279601920,2020-12-31T07:56:00Z,77,21,17,39,77,72,0.10316529894490035
30279601919,2020-12-30T08:21:30Z,83,22,20,41,104,72,0.09746192893401015
30248051519,2020-12-29T07:42:00Z,85,21,22,42,72,72,0.06629213483146068
30234457325,2020-12-28T07:17:00Z,79,22,21,36,101,73,0.08160779537149818
30223308681,2020-12-27T08:39:00Z,78,22,19,37,96,73,0.08488372093023255
30210241481,2020-12-26T07:16:30Z,81,23,18,40,108,72,0.06480304955527319
30198529225,2020-12-25T08:36:30Z,69,22,12,35,84,69,0.10403120936280884
30191379167,2020-12-24T08:31:30Z,84,21,21,42,51,71,0.09513513513513513
30191379166,2020-12-23T07:21:30Z,79,21,19,39,101,71,0.09495192307692307
30163911444,2020-12-22T08:21:00Z,78,21,14,43,82,69,0.08478038815117467
30150708080,2020-12-21T07:42:00Z,72,21,15,36,77,68,0.1198547215496368
30139044644,2020-12-20T07:35:00Z,71,18,17,36,55,69,0.1103448275862069
30127528324,2020-12-19T07:03:00Z,72,21,15,36,57,67,0.05891016200294551
30116069310,2020-12-18T07:40:30Z,69,19,20,30,70,67,0.07391910739191074
30104622936,2020-12-17T08:42:30Z,90,23,20,47,112,68,0.059940059940059943
30092442621,2020-12-16T08:17:30Z,66,21,18,27,42,69,0.15310077519379844
30080723211,2020-12-15T08:24:30Z,70,21,19,30,86,71,0.18651211801896733
30080723209,2020-12-14T07:46:30Z,69,21,20,28,45,72,0.10261569416498995
30031742595,2020-12-12T04:20:00Z,72,16,21,35,36,72,0.024734982332155476
30017006509,2020-12-11T07:27:30Z,65,17,17,31,79,74,0.17341040462427745
29991811909,2020-12-09T06:51:30Z,83,22,22,39,88,76,0.06535141800246609
29930064958,2020-12-04T09:18:30Z,84,24,15,45,126,69,0.11506434519303559
29915518781,2020-12-03T08:49:30Z,77,19,16,42,83,69,0.10131712259371833
29891932179,2020-12-01T08:39:30Z,83,22,20,41,90,69,0.08519701810436635
29879857325,2020-11-30T08:44:30Z,67,18,15,34,99,68,0.1113423517169615
29867540048,2020-11-29T08:06:30Z,81,21,21,39,75,69,0.09837962962962964
29855758661,2020-11-28T07:42:00Z,83,22,21,40,84,71,0.09131905298759865
29843522697,2020-11-27T07:26:30Z,73,18,21,34,107,73,0.10905125408942203
29832664012,2020-11-26T08:09:00Z,85,23,22,40,124,73,0.08023483365949119
29822306433,2020-11-25T07:45:00Z,80,22,20,38,97,75,0.0726643598615917
29806625531,2020-11-24T08:03:30Z,74,16,20,38,86,76,0.11512844909609896
29794916441,2020-11-23T08:44:30Z,80,21,22,37,87,76,0.08105147864184009
29781600986,2020-11-22T08:33:00Z,81,21,21,39,69,74,0.07211538461538461
29770959029,2020-11-21T08:31:30Z,79,21,24,34,69,80,0.07017543859649122
