,Date,Resting heart rate,bpm,Below Fat burn zone ( < 119 bpm),Fat burn zone (119-142 bpm),Cardio zone (142-170 bpm),Peak zone ( > 170 bpm),steps,calories,distance,sedentary mins,light active mins,mod active mins,very active mins,day_of_week
0,2021-01-01,70,75,1393,38,0,0,3759,2348,2.8,685,169,0,0,Friday
1,2021-01-02,68,76,1215,73,0,0,5606,2554,4.1,791,204,13,0,Saturday
2,2021-01-03,69,78,1293,129,0,0,5079,2682,3.7,699,247,0,0,Sunday
3,2021-01-04,71,78,1315,82,19,2,3236,2595,2.3,871,139,4,29,Monday
4,2021-01-05,73,79,1407,23,0,0,1220,2055,0.8,581,56,0,0,Tuesday
5,2021-01-06,73,76,1376,57,2,0,2653,2254,1.9,581,129,0,0,Wednesday
6,2021-01-07,73,76,1303,110,0,0,3260,2423,2.4,805,197,0,0,Thursday
7,2021-01-08,71,76,1244,119,0,0,3482,2428,2.6,840,181,0,0,Friday
8,2021-01-09,68,78,1240,195,0,0,5825,2795,4.2,720,262,0,0,Saturday
9,2021-01-10,68,70,1320,23,0,0,2840,2245,2.1,702,148,0,0,Sunday
10,2021-01-11,67,71,1375,47,1,0,4135,2407,3.0,655,178,9,1,Monday
11,2021-01-12,67,78,1389,45,0,0,940,2124,0.7,698,67,0,0,Tuesday
12,2021-01-13,67,72,1421,8,0,0,1173,2025,0.9,902,65,0,0,Wednesday
13,2021-01-14,67,77,1351,49,0,0,963,2155,0.7,848,72,0,0,Thursday
14,2021-01-15,68,78,1413,14,0,0,1804,2205,1.3,757,98,0,0,Friday
15,2021-01-16,70,79,1319,98,7,0,2675,2449,1.9,703,107,5,23,Saturday
16,2021-01-17,72,77,1290,7,0,0,1495,2109,1.1,736,94,0,0,Sunday
17,2021-01-18,72,82,1282,108,14,0,2999,2523,2.2,749,151,2,21,Monday
18,2021-01-19,72,84,1282,92,0,0,2112,2245,1.6,748,99,0,0,Tuesday
19,2021-01-20,74,81,1294,80,0,0,3334,2411,2.4,657,184,0,0,Wednesday
20,2021-01-21,74,83,1260,166,0,0,4301,2487,3.1,747,175,9,0,Thursday
21,2021-01-22,74,79,1280,105,15,0,4464,2425,3.2,772,130,9,17,Friday
22,2021-01-23,74,80,1166,76,26,0,2845,2550,1.9,737,122,10,37,Saturday
23,2021-01-24,74,78,1359,70,0,0,2517,2297,1.8,823,139,0,0,Sunday
24,2021-01-25,73,77,1379,54,0,0,2599,2283,1.9,738,151,0,0,Monday
25,2021-01-26,73,82,1196,223,14,0,6377,2680,4.5,722,163,9,23,Tuesday
26,2021-01-27,72,78,1312,90,0,0,4358,2397,3.2,816,165,0,0,Wednesday
27,2021-01-28,72,77,1359,69,0,0,2012,2210,1.5,735,119,0,0,Thursday
28,2021-01-29,72,77,1260,174,0,0,3402,2421,2.5,782,172,0,0,Friday
29,2021-01-30,72,75,1108,49,2,0,2302,2213,1.7,870,115,0,0,Saturday
30,2021-01-31,72,83,1177,226,21,3,5039,2799,3.6,672,181,13,32,Sunday
31,2021-02-01,73,89,951,416,34,2,8248,3546,6.0,585,283,45,47,Monday
32,2021-02-02,73,83,1170,205,32,0,3150,2720,2.2,729,143,5,39,Tuesday
33,2021-02-03,73,84,1031,319,28,1,5276,2924,3.8,653,197,8,36,Wednesday
34,2021-02-04,73,80,1277,146,0,0,5147,2605,3.7,762,232,0,0,Thursday
35,2021-02-05,73,82,1014,157,0,0,5446,2591,3.9,720,224,0,0,Friday
36,2021-02-06,74,87,1154,253,18,0,5115,2926,3.8,754,243,8,23,Saturday
37,2021-02-07,76,87,1135,276,11,1,7667,3024,5.5,675,254,27,27,Sunday
38,2021-02-08,78,84,1225,212,0,0,3085,2429,2.3,1059,161,0,0,Monday
39,2021-02-09,78,84,1177,245,0,0,5885,2601,4.2,690,227,0,0,Tuesday
40,2021-02-10,77,86,981,155,23,2,3309,2513,2.3,761,105,25,28,Wednesday
41,2021-02-11,77,83,1159,260,13,0,4449,2574,3.2,796,163,15,17,Thursday
42,2021-02-12,76,79,1372,56,0,0,2803,2155,2.1,787,124,0,0,Friday
43,2021-02-13,79,86,939,131,28,4,1870,2394,1.3,923,57,6,33,Saturday
44,2021-02-14,78,84,1240,160,24,4,3687,2419,2.6,855,96,5,28,Sunday
45,2021-02-15,79,85,1128,268,1,0,3428,2480,2.5,836,170,0,0,Monday
46,2021-02-16,79,88,936,328,20,0,6406,2916,4.7,733,260,17,22,Tuesday
47,2021-02-17,79,93,788,586,0,0,7145,2891,4.9,797,270,13,3,Wednesday
48,2021-02-18,80,95,744,662,7,0,6539,2959,4.8,704,284,1,7,Thursday
49,2021-02-19,80,93,959,445,8,0,6394,2874,4.6,754,295,14,8,Friday
50,2021-02-20,82,95,747,645,23,1,5644,3065,4.1,606,321,4,21,Saturday
51,2021-02-21,82,96,822,600,13,0,7232,2999,5.1,641,312,14,11,Sunday
52,2021-02-22,80,85,1253,180,0,0,3451,2361,2.5,679,192,0,0,Monday
53,2021-02-23,80,82,826,113,13,7,2416,2302,1.5,881,92,10,21,Tuesday
54,2021-02-24,78,86,1086,311,12,0,5319,2619,3.8,690,222,3,14,Wednesday
55,2021-02-25,76,85,1186,222,9,0,6908,2702,4.9,638,243,15,13,Thursday
56,2021-02-26,73,84,1162,250,11,0,6771,2843,4.9,713,249,14,20,Friday
57,2021-02-27,72,84,1031,294,7,0,9378,3013,6.9,690,232,24,27,Saturday
58,2021-02-28,72,82,1301,116,0,0,5209,2596,3.8,567,240,0,0,Sunday
59,2021-03-01,72,83,1206,226,0,0,8865,2974,6.2,664,251,48,20,Monday
60,2021-03-02,71,86,797,163,1,0,10860,2667,8.7,686,90,40,60,Tuesday
61,2021-03-03,71,76,1300,129,0,0,2925,2492,2.1,658,224,0,0,Wednesday
62,2021-03-04,70,81,1234,141,2,0,5938,2683,4.3,585,256,0,0,Thursday
63,2021-03-05,70,80,1194,232,4,0,9765,3026,7.0,564,296,32,18,Friday
64,2021-03-06,72,75,1137,47,19,1,3168,2394,2.3,1070,151,0,20,Saturday
65,2021-03-07,70,75,1027,101,0,0,9509,2632,7.0,755,191,24,10,Sunday
66,2021-03-08,70,73,1271,14,3,0,2391,2054,1.6,887,110,0,0,Monday
67,2021-03-09,70,81,1256,118,0,0,1760,2161,1.3,742,102,0,0,Tuesday
68,2021-03-10,72,94,779,646,0,0,6770,3240,5.0,588,355,20,0,Wednesday
69,2021-03-11,75,85,1145,179,0,0,6852,2590,5.0,761,226,2,6,Thursday
70,2021-03-12,0,75,1355,42,0,0,4760,2235,3.5,1271,169,0,0,Friday
71,2021-03-13,74,74,1359,35,0,0,2575,2067,1.9,1338,102,0,0,Saturday
72,2021-03-14,73,75,1378,53,0,0,2495,2107,1.8,1322,118,0,0,Sunday
73,2021-03-15,72,75,1385,47,0,0,3993,2204,2.9,812,159,0,0,Monday
74,2021-03-16,72,76,1309,63,0,0,3382,2171,2.5,831,144,0,0,Tuesday
75,2021-03-17,72,77,1217,201,2,0,4004,2483,2.9,735,206,8,1,Wednesday
76,2021-03-18,73,81,1324,104,6,0,5479,2405,4.0,788,135,13,24,Thursday
77,2021-03-19,73,84,819,144,0,0,3654,2377,2.7,1243,197,0,0,Friday
78,2021-03-20,73,87,1097,292,19,0,4939,2680,3.5,737,228,2,22,Saturday
79,2021-03-21,76,80,1257,158,12,0,5379,2507,3.8,714,197,4,16,Sunday
80,2021-03-22,75,78,1248,112,0,0,5862,2426,4.2,797,240,0,0,Monday
81,2021-03-23,74,75,1321,71,0,0,4618,2326,3.4,828,200,0,0,Tuesday
82,2021-03-24,72,70,1357,65,0,0,4555,2292,3.3,617,207,0,0,Wednesday
83,2021-03-25,68,72,1286,63,0,0,4705,2412,3.5,741,226,0,0,Thursday
84,2021-03-26,66,79,1272,150,0,0,8640,2980,6.0,732,364,0,0,Friday
85,2021-03-27,67,82,1043,363,0,0,9569,3236,7.0,492,355,35,3,Saturday
86,2021-03-28,68,87,1026,378,1,0,8632,3113,6.3,593,266,33,8,Sunday
87,2021-03-29,70,81,1156,60,0,0,2895,2297,2.1,768,152,0,0,Monday
88,2021-03-30,71,81,695,96,0,0,3812,2331,2.8,1264,176,0,0,Tuesday
89,2021-03-31,72,86,1042,353,0,0,8033,3117,5.9,571,370,15,0,Wednesday
90,2021-04-01,74,78,1301,90,0,0,3848,2311,2.8,945,173,0,0,Thursday
91,2021-04-02,72,71,1391,12,13,0,1876,2071,1.4,691,76,2,14,Friday
92,2021-04-03,70,69,1414,3,0,0,1101,1910,0.8,766,65,0,0,Saturday
93,2021-04-04,68,68,1395,27,7,0,1967,2051,1.4,845,79,3,9,Sunday
94,2021-04-05,66,70,1169,7,0,0,1213,1960,0.9,869,64,0,0,Monday
95,2021-04-06,66,72,1348,19,12,0,2243,2188,1.5,869,65,6,21,Tuesday
96,2021-04-07,67,75,1280,58,0,0,3625,2293,2.7,791,140,0,0,Wednesday
97,2021-04-08,67,78,1129,177,33,0,13023,3126,9.5,700,120,64,87,Thursday
98,2021-04-09,69,74,1346,45,0,0,1646,2153,1.2,909,115,6,1,Friday
99,2021-04-10,69,72,1329,88,1,0,6459,2367,4.7,718,146,11,5,Saturday
100,2021-04-11,69,70,1072,23,0,0,2490,1989,1.8,873,48,9,6,Sunday
101,2021-04-12,68,73,1225,131,10,0,7145,2541,5.1,876,111,23,40,Monday
102,2021-04-13,68,73,1312,94,3,0,5528,2289,4.1,767,116,4,24,Tuesday
103,2021-04-14,68,74,1369,55,0,0,5220,2261,3.8,834,86,9,29,Wednesday
104,2021-04-15,70,87,1048,384,0,0,13549,3354,9.9,770,306,46,27,Thursday
105,2021-04-16,70,71,1225,4,0,0,927,1955,0.7,943,66,0,0,Friday
106,2021-04-17,70,72,1310,105,7,0,8556,2467,6.3,593,87,35,42,Saturday
107,2021-04-18,71,74,1230,129,3,0,8575,2609,6.3,891,163,15,32,Sunday
108,2021-04-19,71,71,1368,7,0,0,1290,1945,0.9,849,74,0,0,Monday
109,2021-04-20,70,72,1117,42,12,0,2324,2151,1.6,994,68,9,20,Tuesday
110,2021-04-21,70,78,1306,110,1,0,7949,2551,5.8,910,121,39,25,Wednesday
111,2021-04-22,70,77,1173,160,2,0,8133,2612,6.0,834,153,47,13,Thursday
112,2021-04-23,69,80,1060,152,14,0,5963,2744,3.2,718,65,73,53,Friday
113,2021-04-24,69,77,1293,119,23,0,6318,2698,3.5,774,83,12,87,Saturday
114,2021-04-25,68,75,1332,77,0,0,4679,2363,2.6,758,67,51,21,Sunday
115,2021-04-26,68,71,1277,83,2,0,3380,2194,2.5,850,94,13,11,Monday
116,2021-04-27,68,70,1415,9,0,0,1087,1937,0.8,942,66,0,0,Tuesday
117,2021-04-28,67,70,1413,12,0,0,1118,1947,0.8,759,76,0,0,Wednesday
118,2021-04-29,68,74,1310,38,0,0,2200,2108,1.6,966,112,0,0,Thursday
119,2021-04-30,69,77,1015,84,0,0,2782,2300,2.0,950,165,0,0,Friday
120,2021-05-01,70,82,1060,351,0,0,8428,3085,6.2,527,256,53,12,Saturday
121,2021-05-02,73,78,1094,302,2,0,5586,2823,4.1,704,191,59,13,Sunday
122,2021-05-03,70,74,1287,72,2,0,4388,2352,3.1,764,135,19,7,Monday
123,2021-05-04,70,77,1206,175,32,0,6610,3042,4.5,834,133,57,74,Tuesday
124,2021-05-05,70,77,1306,121,2,0,6075,2535,4.3,726,109,47,18,Wednesday
125,2021-05-06,70,75,1331,78,15,0,4061,2444,2.8,758,111,7,25,Thursday
126,2021-05-07,69,87,877,352,76,10,11018,4206,8.1,617,142,125,158,Friday
127,2021-05-08,69,75,1320,79,0,0,3402,2232,2.5,832,111,8,2,Saturday
128,2021-05-09,68,75,1365,50,0,0,3661,2183,2.5,898,123,0,0,Sunday
129,2021-05-10,68,74,1368,49,10,0,2315,2354,1.7,947,92,10,24,Monday
130,2021-05-11,69,79,1190,202,12,0,5127,2598,3.5,801,153,7,23,Tuesday
131,2021-05-12,70,73,1175,9,0,0,1492,1960,1.1,941,67,0,0,Wednesday
132,2021-05-13,70,78,1254,117,7,0,7956,2655,5.8,1003,110,38,44,Thursday
133,2021-05-14,70,74,1351,62,1,0,1911,2127,1.3,860,62,22,5,Friday
134,2021-05-15,70,72,1407,14,0,0,1222,1973,0.9,1014,72,0,0,Saturday
135,2021-05-16,70,89,641,199,0,0,1463,2193,1.1,1288,81,4,6,Sunday
136,2021-05-17,72,88,760,622,7,0,5960,3340,4.4,612,266,65,25,Monday
137,2021-05-18,73,83,1150,231,17,0,6452,2980,4.7,651,149,63,44,Tuesday
138,2021-05-19,72,87,994,312,7,0,6455,3001,4.6,850,148,89,23,Wednesday
139,2021-05-20,0,86,1023,343,2,0,9610,3011,7.0,1131,265,33,11,Thursday
140,2021-05-21,71,84,1115,273,1,0,8567,2871,6.1,1164,246,27,3,Friday
141,2021-05-22,71,75,1359,61,1,0,4535,2254,3.1,1301,107,21,11,Saturday
142,2021-05-23,71,80,1131,261,2,0,8512,2785,6.2,613,214,39,17,Sunday
143,2021-05-24,71,72,603,33,0,0,1431,1964,1.1,1286,53,9,2,Monday
144,2021-05-25,72,84,1091,313,5,0,8179,2940,5.9,676,194,49,29,Tuesday
145,2021-05-26,72,83,1062,280,5,0,10281,2977,7.6,824,191,96,17,Wednesday
146,2021-05-27,73,83,968,413,6,0,9388,3211,6.9,721,280,59,16,Thursday
147,2021-05-28,75,95,762,654,7,0,18898,4061,13.9,487,430,87,42,Friday
148,2021-05-29,72,77,1068,251,10,0,8672,2932,6.2,741,173,56,41,Saturday
149,2021-05-30,71,80,981,237,9,0,11600,2898,8.5,737,198,66,27,Sunday
150,2021-05-31,71,75,1155,200,12,0,6391,2782,4.6,891,202,21,30,Monday
151,2021-06-01,71,74,868,192,0,0,7626,2655,5.6,1028,212,26,13,Tuesday
152,2021-06-02,71,81,1040,351,10,0,11631,3326,8.5,660,311,66,23,Wednesday
153,2021-06-03,70,75,1251,155,9,0,8671,2698,6.4,771,165,52,14,Thursday
154,2021-06-04,70,75,1325,93,8,0,4028,2425,2.7,877,148,21,16,Friday
155,2021-06-05,67,73,1304,104,0,0,7686,2494,5.6,783,195,15,2,Saturday
156,2021-06-06,67,70,1328,104,1,0,6968,2456,5.3,707,204,0,0,Sunday
157,2021-06-07,64,76,1200,172,15,0,12477,2911,9.0,757,135,35,73,Monday
158,2021-06-08,64,80,1177,236,0,0,5330,2941,3.9,1157,247,23,13,Tuesday
159,2021-06-09,67,72,371,47,0,0,1535,1975,1.1,988,72,0,0,Wednesday
160,2021-06-10,67,77,1328,91,0,0,4047,2433,2.9,755,183,0,0,Thursday
161,2021-06-11,68,80,1203,218,0,0,5416,2737,4.0,724,268,0,0,Friday
162,2021-06-12,68,81,1114,261,20,0,5873,3322,4.3,597,141,93,90,Saturday
163,2021-06-13,69,73,1371,38,2,0,2723,2162,2.0,702,127,0,0,Sunday
164,2021-06-14,68,77,1345,77,0,0,5904,2441,4.3,900,206,0,0,Monday
165,2021-06-15,66,77,1140,131,0,0,7674,2691,5.2,705,246,15,3,Tuesday
166,2021-06-16,66,73,912,38,0,0,2527,2070,1.9,729,110,0,0,Wednesday
167,2021-06-17,67,74,378,60,0,0,2322,2059,1.7,1360,80,0,0,Thursday
168,2021-06-18,67,75,1271,119,22,0,2701,2550,1.6,813,100,27,30,Friday
169,2021-06-19,68,79,1202,194,7,0,2808,2497,1.9,813,113,18,22,Saturday
170,2021-06-20,68,75,1336,77,12,0,1726,2267,1.1,974,90,7,19,Sunday
171,2021-06-21,69,79,1274,148,0,0,3597,2410,2.6,842,172,0,0,Monday
172,2021-06-22,68,84,1160,232,0,0,4629,2680,3.2,768,220,16,11,Tuesday
173,2021-06-23,69,74,1351,65,4,0,1930,2138,1.3,711,89,5,7,Wednesday
174,2021-06-24,68,69,1113,32,0,0,1468,1967,1.1,721,63,0,0,Thursday
175,2021-06-25,67,76,1374,41,0,0,1981,2122,1.5,861,89,0,0,Friday
176,2021-06-26,67,74,1362,63,0,0,2524,2211,1.9,866,119,0,0,Saturday
177,2021-06-27,66,74,1373,25,0,0,2494,2151,1.8,781,118,0,0,Sunday
178,2021-06-28,67,81,1117,269,5,0,3383,2641,2.4,828,205,9,7,Monday
179,2021-06-29,68,78,1329,92,0,0,3604,2311,2.6,712,146,0,0,Tuesday
180,2021-06-30,71,80,1248,173,0,0,4865,2527,3.6,760,224,0,0,Wednesday
181,2021-07-01,71,76,922,125,0,0,2779,2256,2.0,867,129,13,0,Thursday
182,2021-07-02,71,82,1165,196,0,0,5262,2608,3.9,729,240,11,0,Friday
183,2021-07-03,71,80,660,163,0,0,6759,2555,5.0,1194,237,5,4,Saturday
184,2021-07-04,69,71,1351,33,0,0,2043,2050,1.5,828,100,0,0,Sunday
185,2021-07-05,67,71,1208,133,0,0,3276,2306,2.4,776,159,0,0,Monday
186,2021-07-06,67,69,1384,31,0,0,1685,2042,1.2,852,81,9,0,Tuesday
187,2021-07-07,67,73,1276,113,0,0,2214,2222,1.6,636,128,0,0,Wednesday
188,2021-07-08,68,75,977,23,0,0,2160,1970,1.5,859,73,0,0,Thursday
189,2021-07-09,69,74,1340,52,0,0,2202,2211,1.6,1018,129,0,0,Friday
190,2021-07-10,69,69,1416,0,0,0,863,1864,0.6,876,52,0,0,Saturday
191,2021-07-11,68,67,1411,1,0,0,869,1855,0.6,708,47,0,0,Sunday
192,2021-07-12,67,71,1344,66,0,0,1276,2019,0.9,950,72,0,0,Monday
193,2021-07-13,68,71,1379,3,0,0,976,1921,0.7,776,59,0,0,Tuesday
194,2021-07-14,69,75,1254,23,0,0,825,1964,0.6,1006,50,0,0,Wednesday
195,2021-07-15,69,71,1374,1,0,0,1395,1968,1.0,922,74,0,0,Thursday
196,2021-07-16,69,67,541,0,0,0,186,1749,0.1,979,13,0,0,Friday
197,2021-07-17,67,71,1266,9,0,0,978,1952,0.7,922,68,0,0,Saturday
198,2021-07-18,67,69,1388,41,0,0,2340,2059,1.7,826,95,0,0,Sunday
199,2021-07-19,66,70,1280,59,1,0,5009,2302,3.7,814,117,12,14,Monday
200,2021-07-20,65,75,1255,132,8,0,6146,2716,4.5,744,202,6,24,Tuesday
201,2021-07-21,67,74,1248,57,0,0,3159,2242,2.3,639,95,15,6,Wednesday
202,2021-07-22,67,74,1152,231,25,0,6361,3053,4.7,718,156,55,63,Thursday
203,2021-07-23,70,74,1317,97,3,0,5114,2426,3.6,896,141,17,12,Friday
204,2021-07-24,70,89,1019,401,0,0,10357,3152,7.6,587,326,33,0,Saturday
205,2021-07-25,70,94,366,426,15,0,8107,3368,6.0,1074,231,93,42,Sunday
206,2021-07-26,70,84,874,456,54,2,8896,3872,6.5,593,205,113,97,Monday
207,2021-07-27,72,76,1261,93,54,11,6688,2934,4.9,751,87,38,85,Tuesday
208,2021-07-28,74,78,1143,233,5,0,4749,2467,3.5,873,157,17,4,Wednesday
209,2021-07-29,74,75,1145,137,11,0,5494,2432,3.9,698,124,31,14,Thursday
210,2021-07-30,71,75,1367,49,6,0,2890,2146,2.0,949,58,17,17,Friday
211,2021-07-31,70,76,1005,168,33,0,5723,2900,4.2,834,124,65,56,Saturday
212,2021-08-01,69,76,1312,96,0,0,4203,2355,3.1,595,174,8,3,Sunday
213,2021-08-02,67,80,1003,258,39,3,9956,3177,7.3,859,167,41,73,Monday
214,2021-08-03,69,84,1099,287,21,1,11063,3228,8.1,383,177,83,53,Tuesday
215,2021-08-04,70,86,759,492,126,4,10866,4840,8.0,644,263,138,186,Wednesday
216,2021-08-05,69,78,1267,141,3,0,5151,2605,3.8,775,167,38,15,Thursday
217,2021-08-06,69,72,1009,8,0,0,1836,1953,1.4,1268,72,0,0,Friday
218,2021-08-07,69,82,1068,326,13,0,10864,3159,7.9,476,245,62,35,Saturday
219,2021-08-08,72,74,1226,128,38,0,7742,2799,5.7,670,167,24,52,Sunday
220,2021-08-09,74,74,1136,213,34,1,4659,2988,3.4,834,138,58,65,Monday
221,2021-08-10,72,71,1242,143,22,0,6230,2649,4.3,666,122,44,41,Tuesday
222,2021-08-11,71,70,1377,44,13,0,3665,2248,2.5,925,88,15,25,Wednesday
223,2021-08-12,71,72,679,97,1,0,3523,2147,2.4,977,75,23,7,Thursday
224,2021-08-13,68,73,1238,162,1,0,5265,2397,3.9,850,161,8,4,Friday
225,2021-08-14,67,86,964,316,90,7,11452,4169,8.0,625,189,72,168,Saturday
226,2021-08-15,68,74,1002,232,30,0,8668,3199,6.4,604,142,83,72,Sunday
227,2021-08-16,70,74,1298,72,0,0,4263,2226,3.1,966,137,0,0,Monday
228,2021-08-17,71,77,1135,204,5,0,13468,2954,9.7,528,286,14,11,Tuesday
229,2021-08-18,70,73,1244,126,0,0,9888,2605,6.9,824,265,8,2,Wednesday
230,2021-08-19,68,71,1329,84,1,0,2975,2326,2.2,702,196,0,0,Thursday
231,2021-08-20,66,74,1209,71,0,0,3635,2267,2.7,785,126,8,0,Friday
232,2021-08-21,66,71,1360,36,0,0,3435,2233,2.5,685,140,0,0,Saturday
233,2021-08-22,66,70,1337,91,0,0,4245,2291,3.1,693,106,11,20,Sunday
234,2021-08-23,66,70,1177,45,0,0,2391,2051,1.8,875,83,0,0,Monday
235,2021-08-24,66,70,1397,26,2,0,1445,2084,0.9,807,78,5,12,Tuesday
236,2021-08-25,67,69,1308,116,8,0,3338,2428,2.4,812,139,14,15,Wednesday
237,2021-08-26,68,76,1295,109,7,0,5044,2539,3.6,792,168,12,17,Thursday
238,2021-08-27,70,79,1357,60,0,0,3293,2246,2.4,840,142,0,0,Friday
239,2021-08-28,69,74,1275,138,0,0,5015,2420,3.6,640,219,0,0,Saturday
240,2021-08-29,69,78,1267,128,7,0,4410,2419,3.1,691,159,14,18,Sunday
241,2021-08-30,68,76,1012,127,0,0,3533,2267,2.6,800,144,6,0,Monday
242,2021-08-31,68,82,1235,185,0,0,5773,2625,4.2,783,223,14,4,Tuesday
243,2021-09-01,68,82,1075,308,0,0,8961,3032,6.6,572,405,0,0,Wednesday
244,2021-09-02,71,89,877,541,0,0,17199,3772,12.6,590,246,66,85,Thursday
245,2021-09-03,70,78,1174,205,0,0,7124,2621,5.1,748,245,21,4,Friday
246,2021-09-04,70,75,1334,67,0,0,5786,2301,4.3,724,185,0,0,Saturday
247,2021-09-05,70,79,1186,151,4,0,4509,2509,3.1,633,220,14,8,Sunday
248,2021-09-06,70,84,1014,396,4,0,12214,3290,8.9,559,357,51,17,Monday
249,2021-09-07,73,85,969,418,3,1,8183,2880,6.0,632,291,8,5,Tuesday
250,2021-09-08,73,88,931,478,7,0,8422,3302,6.2,515,297,80,22,Wednesday
251,2021-09-09,75,85,1215,222,0,0,3793,2360,2.8,714,177,0,0,Thursday
252,2021-09-10,78,104,400,1021,2,0,8164,3898,6.0,511,529,54,4,Friday
253,2021-09-11,80,88,993,395,0,0,4878,2426,3.6,704,194,8,0,Saturday
254,2021-09-12,79,74,330,114,1,0,1260,1912,0.9,1364,76,0,0,Sunday
255,2021-09-13,76,76,1102,156,0,0,4533,2223,3.3,704,156,0,0,Monday
256,2021-09-14,75,77,1333,64,0,0,3901,2132,2.9,727,133,0,0,Tuesday
257,2021-09-15,75,74,1404,9,0,0,539,1802,0.4,839,42,0,0,Wednesday
258,2021-09-16,75,84,968,404,2,0,4943,2491,3.6,598,195,12,2,Thursday
259,2021-09-17,74,75,1393,8,0,0,722,1837,0.5,805,51,0,0,Friday
260,2021-09-18,72,78,1212,197,0,0,4035,2299,3.0,679,184,0,0,Saturday
261,2021-09-19,70,70,1102,5,0,0,601,1829,0.4,845,48,0,0,Sunday
262,2021-09-20,69,70,1343,59,3,0,2602,2089,1.9,738,83,12,12,Monday
263,2021-09-21,67,68,1374,26,0,0,1991,2025,1.5,764,109,0,0,Tuesday
264,2021-09-22,66,71,1300,91,0,0,3294,2231,2.4,721,149,0,0,Wednesday
265,2021-09-23,66,69,1393,13,0,0,1444,1972,1.1,749,93,0,0,Thursday
266,2021-09-24,64,70,1393,22,0,0,2021,2048,1.5,807,120,0,0,Friday
267,2021-09-25,64,72,1392,39,0,0,2334,2172,1.6,786,138,0,0,Saturday
268,2021-09-26,64,72,1006,9,0,0,1092,1936,0.8,838,65,0,0,Sunday
269,2021-09-27,64,75,1320,66,0,0,5265,2383,3.9,776,154,3,17,Monday
270,2021-09-28,65,74,1288,74,0,0,3659,2314,2.7,628,155,15,0,Tuesday
271,2021-09-29,67,76,1234,104,8,0,4633,2455,3.4,789,180,5,9,Wednesday
272,2021-09-30,67,78,1036,28,0,0,1844,2091,1.4,771,106,0,0,Thursday
273,2021-10-01,69,74,1338,24,0,0,2210,2113,1.6,845,132,0,0,Friday
274,2021-10-02,69,76,1281,135,0,0,3635,2296,2.6,702,170,0,0,Saturday
275,2021-10-03,69,71,1146,39,0,0,3079,2057,2.3,864,107,0,0,Sunday
276,2021-10-04,68,78,1279,151,0,0,4239,2426,3.1,755,210,0,0,Monday
277,2021-10-05,70,78,1199,147,0,0,3834,2368,2.8,733,163,14,3,Tuesday
278,2021-10-06,69,74,1333,74,0,0,4390,2228,3.2,898,157,0,0,Wednesday
279,2021-10-07,71,69,1364,0,0,0,889,1867,0.7,877,63,0,0,Thursday
280,2021-10-08,72,71,1333,60,0,0,3382,2136,2.5,758,140,0,0,Friday
281,2021-10-09,72,75,1258,149,4,0,5845,2463,4.3,742,192,21,10,Saturday
282,2021-10-10,72,78,505,240,42,0,5872,2951,4.3,814,129,72,64,Sunday
283,2021-10-11,72,76,1224,129,0,0,5886,2395,4.3,979,158,8,2,Monday
284,2021-10-12,72,75,1194,174,9,0,4893,2534,3.6,669,155,39,19,Tuesday
285,2021-10-13,75,78,1259,142,6,1,5776,2356,4.2,880,134,8,12,Wednesday
286,2021-10-14,73,74,1266,150,1,0,6747,2416,4.9,751,181,1,10,Thursday
287,2021-10-15,73,71,1128,26,23,0,2712,2117,1.8,969,44,13,30,Friday
288,2021-10-16,72,73,1343,54,0,0,1909,2010,1.4,909,88,0,0,Saturday
289,2021-10-17,69,78,1340,68,17,0,3260,2283,2.3,881,71,12,32,Sunday
290,2021-10-18,70,80,1168,259,0,0,4203,2581,3.1,736,232,0,0,Monday
291,2021-10-19,70,75,1196,119,19,0,7879,2540,5.8,1267,109,14,50,Tuesday
292,2021-10-20,70,79,1289,111,26,0,5164,2562,3.6,831,139,12,34,Wednesday
293,2021-10-21,70,77,1154,69,17,0,4003,2294,2.8,851,89,22,27,Thursday
294,2021-10-22,71,88,745,355,1,0,8411,3109,6.2,743,299,63,7,Friday
295,2021-10-23,70,87,619,476,0,0,12364,3412,9.1,1005,371,49,15,Saturday
296,2021-10-24,72,99,646,770,5,0,17760,4435,13.1,289,479,160,32,Sunday
297,2021-10-25,0,101,570,706,10,0,16755,4469,12.3,349,386,232,44,Monday
298,2021-10-26,75,83,882,314,0,0,15390,3640,11.3,496,438,71,6,Tuesday
299,2021-10-27,0,85,905,472,33,0,19901,3951,14.6,930,267,165,78,Wednesday
300,2021-10-28,74,71,981,92,0,0,8221,2370,6.1,1282,93,19,46,Thursday
301,2021-10-29,72,67,1317,95,0,0,6488,2284,4.8,1287,111,17,25,Friday
302,2021-10-30,70,67,1374,45,0,0,3086,2073,2.3,1328,112,0,0,Saturday
303,2021-10-31,68,73,1177,198,0,0,15238,2912,11.2,1159,127,102,52,Sunday
304,2021-11-01,66,72,1270,115,19,0,6575,2473,4.4,1259,113,24,44,Monday
305,2021-11-02,66,70,1354,57,0,0,4654,2171,3.4,1226,105,12,14,Tuesday
306,2021-11-03,69,72,1338,81,0,0,4328,2226,3.2,829,110,22,8,Wednesday
307,2021-11-04,68,73,1308,71,27,0,5963,2432,4.1,805,109,22,41,Thursday
308,2021-11-05,69,69,879,16,0,0,1503,1908,1.1,997,67,0,0,Friday
309,2021-11-06,68,76,1240,146,15,0,6559,2589,4.6,746,194,25,23,Saturday
310,2021-11-07,69,90,1008,360,43,2,18547,3529,12.8,703,285,41,84,Sunday
311,2021-11-08,72,76,1142,162,4,0,9388,2515,7.0,731,185,25,9,Monday
312,2021-11-09,73,76,1234,117,0,0,4474,2480,3.2,912,261,0,0,Tuesday
313,2021-11-10,70,75,1337,72,0,0,4097,2328,2.8,761,214,0,0,Wednesday
314,2021-11-11,69,79,1202,150,0,0,3934,2285,2.9,721,165,0,0,Thursday
315,2021-11-12,70,82,677,152,0,0,3883,2358,2.6,1259,181,0,0,Friday
316,2021-11-13,0,76,1374,49,0,0,5193,2312,3.3,1247,193,0,0,Saturday
317,2021-11-14,0,82,1193,220,0,0,4833,2522,3.5,1192,240,7,1,Sunday
318,2021-11-15,69,76,1187,160,0,0,5122,2493,3.8,1177,263,0,0,Monday
319,2021-11-16,68,77,1252,119,1,0,5399,2403,4.0,1222,218,0,0,Tuesday
320,2021-11-17,68,75,1342,52,0,0,3771,2263,2.8,1215,225,0,0,Wednesday
321,2021-11-18,68,72,1145,28,0,0,2383,2006,1.8,796,124,0,0,Thursday
322,2021-11-19,68,78,1263,135,0,0,4402,2298,3.2,669,187,0,0,Friday
323,2021-11-20,69,78,1221,140,0,0,6175,2625,4.5,625,309,6,4,Saturday
324,2021-11-21,69,74,1244,165,0,0,5310,2486,3.9,662,266,0,0,Sunday
325,2021-11-22,69,80,1293,142,0,0,6246,2540,4.6,654,284,0,0,Monday
326,2021-11-23,70,85,994,356,0,0,5663,2691,4.2,637,291,0,0,Tuesday
327,2021-11-24,71,85,1106,295,0,0,12635,2967,9.1,720,341,30,7,Wednesday
328,2021-11-25,73,82,1133,269,0,0,8572,3186,6.1,839,360,37,11,Thursday
329,2021-11-26,74,85,1224,162,14,1,9806,2643,7.2,566,247,8,24,Friday
330,2021-11-27,72,76,1252,111,0,0,5864,2329,4.3,742,223,0,0,Saturday
331,2021-11-28,73,76,1192,216,0,0,8809,2617,6.4,970,251,1,10,Sunday
332,2021-11-29,74,79,1125,218,12,0,8397,2588,6.1,761,162,27,41,Monday
333,2021-11-30,74,74,861,12,0,0,1456,1792,1.1,828,50,0,0,Tuesday
334,2021-12-01,0,77,1133,126,3,0,0,1656,3.4266886326194377,1440,0,0,0,Wednesday
335,2021-12-02,74,87,689,146,9,0,7023,2420,5.1,1271,104,30,35,Thursday
336,2021-12-03,71,75,1319,96,3,0,5315,2260,3.9,668,127,9,23,Friday
337,2021-12-04,71,74,1285,115,1,0,3874,2352,2.8,760,137,19,23,Saturday
338,2021-12-05,71,75,1142,268,2,0,7989,2825,5.9,605,254,24,25,Sunday
339,2021-12-06,72,79,1205,169,2,0,13379,2607,10.1,661,152,16,31,Monday
340,2021-12-07,72,78,1134,274,4,0,4148,2887,3.1,701,214,30,40,Tuesday
341,2021-12-08,74,86,856,541,11,3,16204,3349,11.9,564,351,29,37,Wednesday
342,2021-12-09,75,89,1042,348,2,0,13816,2915,10.1,624,278,31,14,Thursday
343,2021-12-10,0,78,133,0,0,0,2348,1658,2.0,1306,1,0,0,Friday
344,2021-12-11,75,95,328,174,0,0,602,2142,0.4,1290,150,0,0,Saturday
345,2021-12-12,72,80,1217,171,15,0,6142,2598,4.4,829,186,13,37,Sunday
346,2021-12-13,71,81,1127,273,0,0,13244,2832,9.7,410,251,43,22,Monday
347,2021-12-14,72,75,1337,42,0,0,2241,2048,1.6,926,121,0,0,Tuesday
348,2021-12-15,70,77,1140,219,9,0,5304,2778,3.6,581,301,16,18,Wednesday
349,2021-12-16,69,81,1257,158,0,0,6605,2749,4.9,651,331,18,0,Thursday
350,2021-12-17,69,77,1096,276,7,1,12150,3036,8.9,649,241,26,46,Friday
351,2021-12-18,69,79,1295,86,9,0,6288,2454,4.4,697,182,21,22,Saturday
352,2021-12-19,69,73,665,27,0,0,2054,1841,1.5,826,62,0,0,Sunday
353,2021-12-20,69,83,1117,123,22,0,3491,2547,2.3,734,179,13,31,Monday
354,2021-12-21,69,78,1066,303,0,0,6608,2915,4.9,674,283,17,27,Tuesday
355,2021-12-22,71,78,1227,142,0,0,8862,2422,6.5,665,220,4,5,Wednesday
356,2021-12-23,71,74,1312,47,0,0,3689,2130,2.7,851,143,0,0,Thursday
357,2021-12-24,71,74,1255,114,1,0,2194,2275,1.6,785,151,30,6,Friday
358,2021-12-25,69,73,1353,27,0,0,3379,2024,2.2,859,115,0,0,Saturday
359,2021-12-26,67,75,1341,73,0,0,3896,2249,2.9,754,141,11,3,Sunday
360,2021-12-27,69,78,792,234,3,0,10775,2765,8.0,672,241,19,19,Monday
361,2021-12-28,0,93,1133,126,3,0,477,1656,0.4,1440,0,0,0,Tuesday
362,2021-12-29,0,77,1133,126,3,0,0,1656,3.4266886326194377,1440,0,0,0,Wednesday
363,2021-12-30,69,77,457,31,0,0,705,1928,0.5,1349,91,0,0,Thursday
364,2021-12-31,66,72,1301,20,0,0,2748,2117,2.0,784,144,0,0,Friday
365,2022-01-01,68,72,1410,10,0,0,2204,1967,1.6,792,107,0,0,Saturday
366,2022-01-02,69,72,1352,34,0,0,2199,2078,1.6,868,120,0,0,Sunday
367,2022-01-03,69,74,1360,18,0,0,1451,2001,1.1,882,86,0,0,Monday
368,2022-01-04,66,69,1399,13,0,0,1186,1880,0.9,767,69,0,0,Tuesday
369,2022-01-05,66,71,1330,82,2,0,3751,2305,2.8,906,139,24,7,Wednesday
370,2022-01-06,66,70,1388,19,0,0,1543,1940,1.1,882,77,0,0,Thursday
371,2022-01-07,66,78,395,308,0,0,3011,3223,2.2,1141,151,53,95,Friday
372,2022-01-08,67,80,1332,60,0,0,16676,2222,12.3,791,143,0,0,Saturday
373,2022-01-09,67,72,1328,51,0,0,3421,2210,2.5,866,120,17,5,Sunday
374,2022-01-10,67,73,1339,49,0,0,2120,2268,1.6,904,186,0,0,Monday
375,2022-01-11,67,72,1297,54,0,0,4587,2178,3.4,889,127,16,5,Tuesday
376,2022-01-12,67,72,1380,13,0,0,2857,2081,2.1,901,138,0,0,Wednesday
377,2022-01-13,70,73,1038,13,0,0,2103,1975,1.5,924,115,0,0,Thursday
378,2022-01-14,69,73,1071,303,6,0,4877,3339,3.6,612,184,80,101,Friday
379,2022-01-15,71,78,1338,19,0,0,13377,1947,9.9,767,97,0,0,Saturday
380,2022-01-16,69,71,1305,66,0,0,2674,2240,2.0,796,197,0,0,Sunday
381,2022-01-17,67,69,1381,17,0,0,3183,1992,2.3,891,114,0,0,Monday
382,2022-01-18,67,73,1269,131,0,0,7970,2576,6.1,767,192,29,18,Tuesday
383,2022-01-19,68,73,1283,116,0,0,5715,2484,4.2,767,187,24,12,Wednesday
384,2022-01-20,67,76,1154,253,1,0,11587,2992,8.5,645,281,49,18,Thursday
385,2022-01-21,69,76,841,93,0,0,5125,2207,3.8,913,144,0,0,Friday
386,2022-01-22,69,77,264,0,0,0,0,1725,3.4266886326194377,1415,25,0,0,Saturday
387,2022-01-23,68,73,1202,188,4,0,8285,2869,6.2,679,213,31,42,Sunday
388,2022-01-24,68,76,1212,120,4,0,5808,2459,4.3,875,181,1,20,Monday
389,2022-01-25,67,75,1283,105,0,0,4589,2436,3.4,813,210,0,0,Tuesday
390,2022-01-26,67,74,1271,88,5,0,5225,2448,3.8,849,200,2,9,Wednesday
391,2022-01-27,67,70,419,7,0,0,3243,1761,2.4,978,31,0,0,Thursday
392,2022-01-28,0,77,1133,126,3,0,0,1656,3.4266886326194377,1440,0,0,0,Friday
393,2022-01-29,0,77,1133,126,3,0,0,1656,3.4266886326194377,1440,0,0,0,Saturday
394,2022-01-30,0,77,1133,126,3,0,0,1656,3.4266886326194377,1440,0,0,0,Sunday
395,2022-01-31,0,77,1133,126,3,0,0,1656,3.4266886326194377,1440,0,0,0,Monday
396,2022-02-01,0,77,1133,126,3,0,0,1656,3.4266886326194377,1440,0,0,0,Tuesday
397,2022-02-02,0,77,1133,126,3,0,0,1656,3.4266886326194377,1440,0,0,0,Wednesday
398,2022-02-03,0,77,1133,126,3,0,0,1656,3.4266886326194377,1440,0,0,0,Thursday
399,2022-02-04,0,77,1133,126,3,0,0,1656,3.4266886326194377,1440,0,0,0,Friday
400,2022-02-05,0,77,1133,126,3,0,0,1656,3.4266886326194377,1440,0,0,0,Saturday
401,2022-02-06,0,77,1133,126,3,0,0,1656,3.4266886326194377,1440,0,0,0,Sunday
402,2022-02-07,0,77,1133,126,3,0,0,1656,3.4266886326194377,1440,0,0,0,Monday
403,2022-02-08,0,77,1133,126,3,0,0,1656,3.4266886326194377,1440,0,0,0,Tuesday
404,2022-02-09,0,77,1133,126,3,0,0,1656,3.4266886326194377,1440,0,0,0,Wednesday
405,2022-02-10,0,77,1133,126,3,0,0,1656,3.4266886326194377,1440,0,0,0,Thursday
406,2022-02-11,0,77,1133,126,3,0,0,1656,3.4266886326194377,1440,0,0,0,Friday
407,2022-02-12,0,77,1133,126,3,0,0,1656,3.4266886326194377,1440,0,0,0,Saturday
408,2022-02-13,0,77,1133,126,3,0,0,1656,3.4266886326194377,1440,0,0,0,Sunday
409,2022-02-14,0,77,1133,126,3,0,0,1656,3.4266886326194377,1440,0,0,0,Monday
410,2022-02-15,0,77,1133,126,3,0,0,1656,3.4266886326194377,1440,0,0,0,Tuesday
411,2022-02-16,0,77,1133,126,3,0,0,1656,3.4266886326194377,1440,0,0,0,Wednesday
412,2022-02-17,0,77,1133,126,3,0,0,1656,3.4266886326194377,1440,0,0,0,Thursday
413,2022-02-18,0,77,1133,126,3,0,0,1656,3.4266886326194377,1440,0,0,0,Friday
414,2022-02-19,0,77,1133,126,3,0,0,1656,3.4266886326194377,1440,0,0,0,Saturday
415,2022-02-20,0,77,1133,126,3,0,0,1656,3.4266886326194377,1440,0,0,0,Sunday
416,2022-02-21,0,77,1133,126,3,0,0,1656,3.4266886326194377,1440,0,0,0,Monday
417,2022-02-22,0,77,1133,126,3,0,0,1656,3.4266886326194377,1440,0,0,0,Tuesday
418,2022-02-23,0,77,1133,126,3,0,0,1656,3.4266886326194377,1440,0,0,0,Wednesday
419,2022-02-24,70,77,89,130,4,0,0,1656,3.4266886326194377,1440,0,0,0,Thursday
420,2022-02-25,70,79,1037,344,1,0,0,1656,3.4266886326194377,1440,0,0,0,Friday
421,2022-02-26,71,94,954,456,0,0,0,1656,3.4266886326194377,1440,0,0,0,Saturday
422,2022-02-27,72,85,890,273,0,0,503,2077,0.4,1322,95,22,1,Sunday
423,2022-02-28,71,80,958,21,0,0,3263,2148,2.4,1305,135,0,0,Monday
424,2022-03-01,71,78,1249,131,0,0,3804,2653,2.7,1197,189,47,7,Tuesday
425,2022-03-02,72,81,1351,52,0,0,6184,2289,4.5,1292,148,0,0,Wednesday
426,2022-03-03,71,79,1292,112,0,0,3474,2372,2.5,1262,178,0,0,Thursday
427,2022-03-04,72,82,1073,326,8,0,3560,2942,2.6,1168,165,70,37,Friday
428,2022-03-05,73,88,1088,337,0,0,11426,2819,8.4,714,254,23,1,Saturday
429,2022-03-06,74,86,1226,170,0,0,4642,2451,3.4,753,203,0,0,Sunday
430,2022-03-07,73,79,687,43,0,0,3139,2101,2.3,1213,125,0,0,Monday
431,2022-03-08,74,83,446,135,0,0,2644,2413,1.9,1269,98,42,31,Tuesday
432,2022-03-09,73,78,1345,55,0,0,7178,2229,5.3,873,147,0,0,Wednesday
433,2022-03-10,74,78,1344,64,0,0,2616,2321,1.9,821,175,0,0,Thursday
434,2022-03-11,72,77,1175,213,1,0,3781,2813,2.7,704,161,70,40,Friday
435,2022-03-12,73,80,1318,52,0,0,9471,2130,7.0,851,149,0,0,Saturday
436,2022-03-13,74,81,1002,133,0,0,3321,2156,2.4,824,118,12,0,Sunday
437,2022-03-14,73,80,904,56,0,0,1464,2077,1.1,1210,138,0,0,Monday
438,2022-03-15,73,77,1290,89,0,0,3796,2267,2.8,869,181,7,2,Tuesday
439,2022-03-16,73,77,1169,218,0,0,3371,2742,2.4,758,287,24,5,Wednesday
440,2022-03-17,72,78,1242,121,0,0,7034,2310,5.2,780,199,7,0,Thursday
441,2022-03-18,69,75,1216,175,1,0,5896,2689,4.3,833,177,65,18,Friday
442,2022-03-19,72,79,1231,166,0,0,14739,2524,10.9,641,192,24,8,Saturday
443,2022-03-20,69,76,856,164,2,0,4469,2435,3.3,754,142,41,16,Sunday
444,2022-03-21,68,75,956,17,0,0,1668,2022,1.2,1314,126,0,0,Monday
445,2022-03-22,66,68,1342,58,0,0,2414,2240,1.8,839,189,9,0,Tuesday
446,2022-03-23,64,71,1383,33,0,0,3627,2262,2.7,801,182,11,0,Wednesday
447,2022-03-24,65,74,1313,106,0,0,7636,2607,5.6,699,200,29,12,Thursday
448,2022-03-25,65,73,1291,132,0,0,3739,2783,2.7,765,177,40,47,Friday
449,2022-03-26,0,74,1382,35,0,0,8948,2231,6.6,1271,169,0,0,Saturday
450,2022-03-27,65,74,1360,49,0,0,4260,2290,3.1,1246,194,0,0,Sunday
451,2022-03-28,64,70,1001,98,0,0,2710,2334,2.0,1239,201,0,0,Monday
452,2022-03-29,64,72,1378,40,0,0,7406,2270,5.4,1274,152,9,5,Tuesday
453,2022-03-30,63,70,1350,50,0,0,2277,2186,1.7,1277,163,0,0,Wednesday
454,2022-03-31,63,70,1334,94,0,0,2614,2520,1.9,1228,136,58,18,Thursday
455,2022-04-01,64,71,1399,8,0,0,7348,2139,5.4,1280,160,0,0,Friday
456,2022-04-02,65,70,761,50,0,0,1830,2011,1.3,1052,104,0,0,Saturday
457,2022-04-03,65,71,1380,38,0,0,3966,2166,2.9,703,154,7,3,Sunday
458,2022-04-04,65,70,1171,36,0,0,3558,2183,2.6,908,156,0,0,Monday
459,2022-04-05,0,73,2,1,0,0,919,1656,0.7,1440,0,0,0,Tuesday
460,2022-04-06,0,77,1133,126,3,0,0,1656,3.4266886326194377,1440,0,0,0,Wednesday
461,2022-04-07,64,70,1015,77,0,0,3224,2231,2.4,1276,155,8,1,Thursday
462,2022-04-08,64,69,1259,134,1,0,4270,2672,3.1,825,167,35,46,Friday
463,2022-04-09,65,77,1230,195,0,0,9530,2902,7.0,387,345,21,2,Saturday
464,2022-04-10,67,71,1377,22,0,0,4904,2102,3.6,790,158,0,0,Sunday
465,2022-04-11,65,68,1376,35,0,0,3200,2083,2.4,923,145,0,0,Monday
466,2022-04-12,65,69,1360,33,0,0,3744,2238,2.7,839,199,0,0,Tuesday
467,2022-04-13,64,68,1379,7,0,0,2147,2027,1.6,902,129,0,0,Wednesday
468,2022-04-14,65,68,1380,16,0,0,2676,2051,2.0,828,135,0,0,Thursday
469,2022-04-15,65,66,537,0,0,0,871,1697,0.6,884,14,0,0,Friday
470,2022-04-16,65,73,656,104,0,0,1762,2347,1.3,1248,180,12,0,Saturday
471,2022-04-17,66,70,1393,15,0,0,4519,2103,3.3,760,151,0,0,Sunday
472,2022-04-18,66,69,1412,2,0,0,1841,1952,1.4,838,94,0,0,Monday
473,2022-04-19,64,67,1399,0,0,0,2941,2123,2.1,780,176,0,0,Tuesday
474,2022-04-20,64,67,1393,4,3,0,3344,2100,2.5,719,144,0,0,Wednesday
475,2022-04-21,63,68,1343,48,0,0,3863,2203,2.8,807,183,0,0,Thursday
476,2022-04-22,63,69,1259,129,0,0,2767,2716,2.0,700,184,21,47,Friday
477,2022-04-23,0,73,597,8,0,0,7264,1757,5.3,1412,28,0,0,Saturday
478,2022-04-24,63,70,787,41,0,0,596,2082,0.4,1315,117,7,1,Sunday
479,2022-04-25,63,70,1309,53,0,0,3112,2149,2.3,1304,119,17,0,Monday
480,2022-04-26,63,68,1373,32,0,0,4400,2255,3.2,1266,174,0,0,Tuesday
481,2022-04-27,62,68,1357,33,1,0,4495,2252,3.3,1285,155,0,0,Wednesday
482,2022-04-28,62,68,1392,21,0,0,3679,2131,2.7,1323,117,0,0,Thursday
483,2022-04-29,63,68,1296,105,0,0,3440,2764,2.5,712,198,49,35,Friday
484,2022-04-30,63,72,1402,4,0,0,7304,2012,5.4,667,105,0,0,Saturday
485,2022-05-01,63,67,856,2,0,0,1402,1841,1.0,967,43,0,0,Sunday
486,2022-05-02,65,78,1298,98,0,0,4974,2692,3.7,868,246,16,2,Monday
487,2022-05-03,65,73,1375,24,0,0,3340,2320,2.5,886,184,0,0,Tuesday
488,2022-05-04,67,79,1371,36,0,0,3129,2264,2.3,920,118,0,0,Wednesday
489,2022-05-05,66,77,1374,52,0,0,1727,2176,1.3,864,118,0,0,Thursday
490,2022-05-06,69,78,1322,103,0,0,2034,2195,1.5,769,127,0,0,Friday
491,2022-05-07,70,76,1289,136,0,0,1904,2236,1.4,811,122,7,2,Saturday
492,2022-05-08,70,78,1029,98,0,0,4032,2212,3.0,826,149,0,0,Sunday
493,2022-05-09,70,77,977,32,0,0,1624,2116,1.2,1309,131,0,0,Monday
494,2022-05-10,67,72,1368,42,0,0,3477,2234,2.6,877,154,0,0,Tuesday
495,2022-05-11,66,72,1316,79,0,0,4144,2331,3.0,797,166,0,0,Wednesday
496,2022-05-12,67,73,1274,149,1,0,3599,2749,2.6,808,147,37,44,Thursday
497,2022-05-13,66,74,1210,29,0,0,9261,2083,6.8,690,123,0,0,Friday
498,2022-05-14,68,70,1196,40,0,0,2703,2193,2.0,858,161,0,0,Saturday
499,2022-05-15,68,77,653,40,0,0,3115,2074,2.3,1316,124,0,0,Sunday
500,2022-05-16,67,72,1386,35,0,0,2791,2133,2.1,878,137,0,0,Monday
501,2022-05-17,67,72,1346,42,0,0,6579,2425,4.8,827,209,8,2,Tuesday
502,2022-05-18,65,70,1107,22,0,0,1751,1974,1.3,937,86,0,0,Wednesday
503,2022-05-19,66,73,1347,83,0,0,4391,2425,3.2,819,183,0,0,Thursday
504,2022-05-20,68,74,1173,150,1,0,2849,2673,2.1,738,138,45,40,Friday
505,2022-05-21,0,85,22,2,0,0,7230,1703,5.3,1440,0,0,0,Saturday
506,2022-05-22,0,77,208,0,0,0,0,1729,3.4266886326194377,1430,10,0,0,Sunday
507,2022-05-23,68,70,1368,47,1,0,3663,2270,2.7,831,164,0,0,Monday
508,2022-05-24,68,74,1389,24,0,0,4219,2209,3.1,847,169,0,0,Tuesday
509,2022-05-25,67,75,1230,169,0,0,8112,2909,6.0,694,344,4,4,Wednesday
510,2022-05-26,68,74,1380,46,0,0,3185,2191,2.3,846,147,0,0,Thursday
511,2022-05-27,68,73,1293,127,0,0,3371,2671,2.5,776,156,43,37,Friday
512,2022-05-28,70,75,1147,126,1,0,12146,2401,8.9,585,211,0,0,Saturday
513,2022-05-29,0,75,1133,126,3,0,1622,2123,1.2,1316,124,0,0,Sunday
514,2022-05-30,0,77,1133,126,3,0,2042,1928,1.4,1360,80,0,0,Monday
515,2022-05-31,0,77,1133,126,3,0,4627,2298,3.4,1255,185,0,0,Tuesday
516,2022-06-01,69,76,745,36,0,0,4084,2174,3.0,1297,133,5,5,Wednesday
517,2022-06-02,69,75,1375,54,0,0,3613,2165,2.7,1322,118,0,0,Thursday
518,2022-06-03,68,73,1058,118,1,0,1784,2536,1.3,1251,107,32,50,Friday
519,2022-06-04,69,91,605,96,0,0,10966,2353,8.1,1244,187,8,1,Saturday
520,2022-06-05,68,77,1360,61,0,0,3142,2164,2.3,1289,151,0,0,Sunday
521,2022-06-06,67,75,662,140,5,0,2414,1912,1.8,1373,67,0,0,Monday
522,2022-06-07,67,79,993,51,6,1,2101,2178,1.3,1314,126,0,0,Tuesday
523,2022-06-08,66,73,1385,33,0,0,2081,2194,1.5,1267,173,0,0,Wednesday
524,2022-06-09,67,74,1408,17,0,0,2860,2041,2.1,1326,114,0,0,Thursday
525,2022-06-10,67,75,1159,214,2,0,3507,2832,2.6,758,170,74,18,Friday
526,2022-06-11,68,75,1359,60,0,0,10588,2206,7.8,751,155,0,0,Saturday
527,2022-06-12,68,75,1103,49,0,0,3023,2186,2.2,808,163,0,0,Sunday
528,2022-06-13,69,83,893,132,0,0,3353,2332,2.5,1270,170,0,0,Monday
529,2022-06-14,68,78,1389,30,0,0,2912,2171,2.1,820,128,0,0,Tuesday
530,2022-06-15,68,74,1304,74,0,0,4555,2329,3.4,910,186,0,0,Wednesday
531,2022-06-16,67,73,1384,39,0,0,3818,2131,2.8,850,125,0,0,Thursday
532,2022-06-17,68,74,1179,202,0,0,5189,2978,3.8,689,205,53,32,Friday
533,2022-06-18,68,82,855,31,0,0,7558,2125,5.6,1355,85,0,0,Saturday
534,2022-06-19,70,75,1358,66,0,0,2386,2259,1.8,875,155,0,0,Sunday
535,2022-06-20,0,75,1275,122,0,0,4910,2576,3.6,1214,204,17,5,Monday
536,2022-06-21,71,81,1210,222,5,0,6437,2911,4.7,1143,278,11,8,Tuesday
537,2022-06-22,71,78,1360,70,0,0,5555,2486,4.1,734,206,0,0,Wednesday
538,2022-06-23,71,75,1405,14,0,0,3836,2119,2.8,913,120,0,0,Thursday
539,2022-06-24,71,74,1255,164,2,0,4455,2938,3.3,694,182,62,25,Friday
540,2022-06-25,70,74,913,10,0,0,8082,1895,5.9,929,39,0,0,Saturday
541,2022-06-26,73,90,225,97,0,0,2490,2181,1.8,1362,41,11,26,Sunday
542,2022-06-27,73,82,825,88,0,0,2982,2239,2.2,1342,78,17,3,Monday
543,2022-06-28,73,80,1329,97,0,0,4092,2400,3.0,863,164,0,0,Tuesday
544,2022-06-29,74,79,1165,37,0,0,2108,2089,1.5,919,88,0,0,Wednesday
545,2022-06-30,0,85,172,72,0,0,56,2000,0.0,1369,71,0,0,Thursday
546,2022-07-01,73,82,1119,271,0,0,5839,3084,4.3,612,386,0,0,Friday
547,2022-07-02,73,88,964,412,0,0,15494,3358,11.4,600,367,43,6,Saturday
548,2022-07-03,0,84,38,0,0,0,3573,1773,2.6,1440,0,0,0,Sunday
549,2022-07-04,72,88,457,83,0,0,11,2001,0.0,1307,60,0,0,Monday
550,2022-07-05,71,73,1200,5,0,0,2762,2019,2.0,916,73,0,0,Tuesday
551,2022-07-06,70,77,536,49,0,0,2421,2139,1.7,1335,105,0,0,Wednesday
552,2022-07-07,70,78,679,31,0,3,1347,2102,1.0,1350,90,0,0,Thursday
553,2022-07-08,0,78,1133,126,3,0,244,1771,0.2,1440,0,0,0,Friday
554,2022-07-09,70,77,112,1,0,0,0,1798,0.0,1431,9,0,0,Saturday
555,2022-07-10,70,73,1420,5,0,0,888,2064,0.7,815,74,0,0,Sunday
556,2022-07-11,71,76,1346,67,0,0,2155,2252,1.6,859,94,11,5,Monday
557,2022-07-12,72,77,1198,227,0,0,4428,2701,3.2,774,220,15,2,Tuesday
558,2022-07-13,72,79,1359,73,0,0,4863,2268,3.6,829,114,9,0,Wednesday
559,2022-07-14,73,77,1287,76,2,0,3036,2269,2.2,816,117,8,2,Thursday
560,2022-07-15,72,75,1410,19,0,0,1924,2088,1.4,943,99,0,0,Friday
561,2022-07-16,71,73,1145,14,0,0,2040,2001,1.5,864,65,0,0,Saturday
562,2022-07-17,0,80,10,0,0,0,37,1774,0.0,1439,1,0,0,Sunday
563,2022-07-18,71,82,877,59,0,0,2696,2309,2.0,1308,121,6,5,Monday
564,2022-07-19,69,76,1297,125,3,0,3173,2484,2.3,855,117,15,11,Tuesday
565,2022-07-20,68,76,1410,10,0,0,3006,2048,2.2,835,68,0,0,Wednesday
566,2022-07-21,68,75,1382,35,2,0,1582,2260,1.2,972,114,0,0,Thursday
567,2022-07-22,68,77,1162,201,1,0,1547,2729,1.1,783,101,55,33,Friday
568,2022-07-23,70,77,908,37,6,0,7962,2120,5.9,878,51,13,12,Saturday
569,2022-07-24,70,76,390,21,0,0,116,1967,0.1,1382,58,0,0,Sunday
570,2022-07-25,69,75,1304,101,0,0,3599,2529,2.6,838,165,10,9,Monday
571,2022-07-26,70,77,1401,10,0,0,2325,2037,1.7,896,65,0,0,Tuesday
572,2022-07-27,70,76,1378,46,6,0,2000,2352,1.3,846,129,2,9,Wednesday
573,2022-07-28,70,76,1386,38,0,0,1544,2142,1.1,904,86,0,0,Thursday
574,2022-07-29,70,78,1080,151,1,0,1407,2695,1.0,821,77,76,29,Friday
575,2022-07-30,70,84,632,5,0,0,8175,1969,6.0,1388,52,0,0,Saturday
576,2022-07-31,70,75,1414,10,0,0,1063,2066,0.8,913,76,0,0,Sunday
577,2022-08-01,69,75,1353,55,9,1,862,1994,0.6,673,52,0,0,Monday
578,2022-08-02,67,74,1295,119,4,0,3178,2474,2.4,846,114,29,6,Tuesday
579,2022-08-03,68,76,1379,52,0,0,2830,2282,2.1,898,108,1,0,Wednesday
580,2022-08-04,69,74,1090,10,0,0,1443,2035,1.1,927,64,0,0,Thursday
581,2022-08-05,0,79,1133,126,3,0,0,1771,0.0,1440,0,0,0,Friday
582,2022-08-06,0,77,1133,126,3,0,0,1771,3.4266886326194377,1440,0,0,0,Saturday
583,2022-08-07,0,77,1133,126,3,0,0,1771,3.4266886326194377,1440,0,0,0,Sunday
584,2022-08-08,0,77,1133,126,3,0,0,1771,3.4266886326194377,1440,0,0,0,Monday
585,2022-08-09,0,77,1133,126,3,0,0,1771,3.4266886326194377,1440,0,0,0,Tuesday
586,2022-08-10,0,77,1133,126,3,0,0,1771,3.4266886326194377,1440,0,0,0,Wednesday
587,2022-08-11,0,77,1133,126,3,0,0,1771,3.4266886326194377,1440,0,0,0,Thursday
588,2022-08-12,0,77,1133,126,3,0,0,1771,3.4266886326194377,1440,0,0,0,Friday
589,2022-08-13,0,77,1133,126,3,0,0,1771,3.4266886326194377,1440,0,0,0,Saturday
590,2022-08-14,0,77,1133,126,3,0,0,1771,3.4266886326194377,1440,0,0,0,Sunday
591,2022-08-15,0,77,1133,126,3,0,0,1771,3.4266886326194377,1440,0,0,0,Monday
592,2022-08-16,0,77,1133,126,3,0,0,1771,3.4266886326194377,1440,0,0,0,Tuesday
593,2022-08-17,0,77,1133,126,3,0,0,1771,3.4266886326194377,1440,0,0,0,Wednesday
594,2022-08-18,0,77,1133,126,3,0,0,1771,3.4266886326194377,1440,0,0,0,Thursday
595,2022-08-19,0,77,1133,126,3,0,0,1771,3.4266886326194377,1440,0,0,0,Friday
596,2022-08-20,0,77,1133,126,3,0,0,1771,3.4266886326194377,1440,0,0,0,Saturday
597,2022-08-21,0,77,1133,126,3,0,0,1771,3.4266886326194377,1440,0,0,0,Sunday
598,2022-08-22,0,77,1133,126,3,0,0,1771,3.4266886326194377,1440,0,0,0,Monday
599,2022-08-23,0,77,1133,126,3,0,0,1771,3.4266886326194377,1440,0,0,0,Tuesday
600,2022-08-24,0,77,1133,126,3,0,0,1771,3.4266886326194377,1440,0,0,0,Wednesday
601,2022-08-25,0,77,1133,126,3,0,0,1771,3.4266886326194377,1440,0,0,0,Thursday
602,2022-08-26,0,77,1133,126,3,0,0,1771,3.4266886326194377,1440,0,0,0,Friday
603,2022-08-27,0,77,1133,126,3,0,0,1771,3.4266886326194377,1440,0,0,0,Saturday
604,2022-08-28,0,77,1133,126,3,0,0,1771,3.4266886326194377,1440,0,0,0,Sunday
605,2022-08-29,0,77,1133,126,3,0,0,1771,3.4266886326194377,1440,0,0,0,Monday
606,2022-08-30,0,77,1133,126,3,0,0,1771,3.4266886326194377,1440,0,0,0,Tuesday
607,2022-08-31,0,77,1133,126,3,0,0,1771,3.4266886326194377,1440,0,0,0,Wednesday
608,2022-09-01,0,77,1133,126,3,0,0,1771,3.4266886326194377,1440,0,0,0,Thursday
609,2022-09-02,0,77,1133,126,3,0,0,1771,3.4266886326194377,1440,0,0,0,Friday
610,2022-09-03,0,77,1133,126,3,0,0,1771,3.4266886326194377,1440,0,0,0,Saturday
611,2022-09-04,0,77,1133,126,3,0,0,1771,3.4266886326194377,1440,0,0,0,Sunday
612,2022-09-05,0,77,1133,126,3,0,0,1771,3.4266886326194377,1440,0,0,0,Monday
613,2022-09-06,0,77,1133,126,3,0,0,1771,3.4266886326194377,1440,0,0,0,Tuesday
614,2022-09-07,0,77,1133,126,3,0,0,1771,3.4266886326194377,1440,0,0,0,Wednesday
615,2022-09-08,0,77,1133,126,3,0,0,1771,3.4266886326194377,1440,0,0,0,Thursday
616,2022-09-09,0,77,1133,126,3,0,0,1771,3.4266886326194377,1440,0,0,0,Friday
617,2022-09-10,0,77,1133,126,3,0,0,1771,3.4266886326194377,1440,0,0,0,Saturday
618,2022-09-11,0,77,1133,126,3,0,0,1771,3.4266886326194377,1440,0,0,0,Sunday
619,2022-09-12,0,77,1133,126,3,0,0,1771,3.4266886326194377,1440,0,0,0,Monday
620,2022-09-13,0,77,1133,126,3,0,0,1771,3.4266886326194377,1440,0,0,0,Tuesday
621,2022-09-14,0,77,1133,126,3,0,0,1771,3.4266886326194377,1440,0,0,0,Wednesday
622,2022-09-15,0,77,1133,126,3,0,0,1771,3.4266886326194377,1440,0,0,0,Thursday
623,2022-09-16,0,77,1133,126,3,0,0,1771,3.4266886326194377,1440,0,0,0,Friday
624,2022-09-17,0,77,1133,126,3,0,0,1771,3.4266886326194377,1440,0,0,0,Saturday
625,2022-09-18,0,77,1133,126,3,0,0,1771,3.4266886326194377,1440,0,0,0,Sunday
626,2022-09-19,0,77,1133,126,3,0,0,1771,3.4266886326194377,1440,0,0,0,Monday
627,2022-09-20,0,77,1133,126,3,0,0,1771,3.4266886326194377,1440,0,0,0,Tuesday
628,2022-09-21,0,77,1133,126,3,0,0,1771,3.4266886326194377,1440,0,0,0,Wednesday
629,2022-09-22,0,77,1133,126,3,0,0,1771,3.4266886326194377,1440,0,0,0,Thursday
630,2022-09-23,0,77,1133,126,3,0,0,1771,3.4266886326194377,1440,0,0,0,Friday
631,2022-09-24,0,77,1133,126,3,0,0,1771,3.4266886326194377,1440,0,0,0,Saturday
632,2022-09-25,0,77,1133,126,3,0,0,1771,3.4266886326194377,1440,0,0,0,Sunday
633,2022-09-26,0,77,1133,126,3,0,0,1771,3.4266886326194377,1440,0,0,0,Monday
634,2022-09-27,0,77,1133,126,3,0,0,1771,3.4266886326194377,1440,0,0,0,Tuesday
635,2022-09-28,0,77,1133,126,3,0,0,1771,3.4266886326194377,1440,0,0,0,Wednesday
636,2022-09-29,0,77,1133,126,3,0,0,1771,3.4266886326194377,1440,0,0,0,Thursday
637,2022-09-30,0,77,1133,126,3,0,0,1771,3.4266886326194377,1440,0,0,0,Friday
638,2022-10-01,0,77,1133,126,3,0,0,1771,3.4266886326194377,1440,0,0,0,Saturday
639,2022-10-02,0,77,1133,126,3,0,0,1771,3.4266886326194377,1440,0,0,0,Sunday
640,2022-10-03,0,77,1133,126,3,0,0,1771,3.4266886326194377,1440,0,0,0,Monday
641,2022-10-04,0,77,1133,126,3,0,0,1771,3.4266886326194377,1440,0,0,0,Tuesday
642,2022-10-05,0,77,1133,126,3,0,0,1771,3.4266886326194377,1440,0,0,0,Wednesday
643,2022-10-06,0,77,1133,126,3,0,0,1771,3.4266886326194377,1440,0,0,0,Thursday
644,2022-10-07,0,77,1133,126,3,0,0,1771,3.4266886326194377,1440,0,0,0,Friday
645,2022-10-08,0,77,1133,126,3,0,0,1771,3.4266886326194377,1440,0,0,0,Saturday
646,2022-10-09,0,77,1133,126,3,0,0,1771,3.4266886326194377,1440,0,0,0,Sunday
647,2022-10-10,0,77,1133,126,3,0,0,1771,3.4266886326194377,1440,0,0,0,Monday
648,2022-10-11,0,77,1133,126,3,0,0,1771,3.4266886326194377,1440,0,0,0,Tuesday
649,2022-10-12,0,77,1133,126,3,0,0,1771,3.4266886326194377,1440,0,0,0,Wednesday
650,2022-10-13,0,77,1133,126,3,0,0,1771,3.4266886326194377,1440,0,0,0,Thursday
651,2022-10-14,0,77,1133,126,3,0,0,1771,3.4266886326194377,1440,0,0,0,Friday
652,2022-10-15,0,77,1133,126,3,0,0,1771,3.4266886326194377,1440,0,0,0,Saturday
653,2022-10-16,0,77,1133,126,3,0,0,1771,3.4266886326194377,1440,0,0,0,Sunday
654,2022-10-17,0,77,1133,126,3,0,0,1771,3.4266886326194377,1440,0,0,0,Monday
655,2022-10-18,0,77,1133,126,3,0,0,1771,3.4266886326194377,1440,0,0,0,Tuesday
656,2022-10-19,0,77,1133,126,3,0,0,1771,3.4266886326194377,1440,0,0,0,Wednesday
657,2022-10-20,0,77,1133,126,3,0,0,1771,3.4266886326194377,1440,0,0,0,Thursday
658,2022-10-21,0,77,1133,126,3,0,0,1771,3.4266886326194377,1440,0,0,0,Friday
659,2022-10-22,0,77,1133,126,3,0,0,1771,3.4266886326194377,1440,0,0,0,Saturday
660,2022-10-23,0,77,1133,126,3,0,0,1771,3.4266886326194377,1440,0,0,0,Sunday
661,2022-10-24,0,77,1133,126,3,0,0,1771,3.4266886326194377,1440,0,0,0,Monday
662,2022-10-25,0,77,1133,126,3,0,0,1771,3.4266886326194377,1440,0,0,0,Tuesday
663,2022-10-26,0,77,1133,126,3,0,0,1863,3.4266886326194377,1419,21,0,0,Wednesday
664,2022-10-27,66,81,933,109,0,0,5818,2644,4.3,1208,232,0,0,Thursday
665,2022-10-28,66,74,722,76,0,0,2489,2096,1.8,1358,82,0,0,Friday
666,2022-10-29,68,82,606,174,6,0,2088,2153,1.5,1349,91,0,0,Saturday
667,2022-10-30,68,82,748,8,0,0,1109,2041,0.8,1365,75,0,0,Sunday
668,2022-10-31,68,77,1325,96,0,0,6629,2691,4.9,1203,218,8,11,Monday
669,2022-11-01,67,74,1370,21,3,0,2960,2228,2.2,1335,105,0,0,Tuesday
670,2022-11-02,66,77,1260,154,4,0,5968,2680,4.4,1252,157,15,16,Wednesday
671,2022-11-03,66,78,903,131,2,0,6796,2541,5.1,1264,161,4,11,Thursday
672,2022-11-04,0,77,1133,126,3,0,0,1771,3.4266886326194377,1440,0,0,0,Friday
673,2022-11-05,0,77,3,1,0,0,0,1772,3.4266886326194377,1440,0,0,0,Saturday
674,2022-11-06,67,79,817,71,0,0,1739,2463,1.3,1248,192,0,0,Sunday
675,2022-11-07,68,80,1180,212,2,0,8698,3003,6.4,1098,323,12,7,Monday
676,2022-11-08,69,75,1327,87,0,0,5748,2391,4.2,712,145,6,4,Tuesday
677,2022-11-09,69,78,1357,42,0,0,4351,2526,3.2,928,201,8,5,Wednesday
678,2022-11-10,69,72,1376,21,0,0,3422,2238,2.5,747,146,0,0,Thursday
679,2022-11-11,69,72,1229,136,0,0,3006,2815,2.2,751,134,54,49,Friday
680,2022-11-12,70,75,300,0,0,0,7597,1793,5.6,1104,2,0,0,Saturday
681,2022-11-13,70,77,1363,29,0,0,646,2096,0.5,1047,66,0,0,Sunday
682,2022-11-14,72,76,1317,90,9,1,6327,2602,4.7,738,177,2,15,Monday
683,2022-11-15,73,78,1307,99,11,4,5563,2544,4.2,939,133,9,27,Tuesday
684,2022-11-16,73,78,1330,79,9,1,5786,2466,4.3,856,110,6,29,Wednesday
685,2022-11-17,73,75,626,31,8,2,3181,2100,2.3,969,52,1,15,Thursday
686,2022-11-18,73,75,578,39,0,0,114,1940,0.1,1406,34,0,0,Friday
687,2022-11-19,0,84,1133,126,3,0,295,1771,0.2,1440,0,0,0,Saturday
688,2022-11-20,73,77,199,0,0,0,0,1809,3.4266886326194377,1427,13,0,0,Sunday
689,2022-11-21,72,75,736,40,4,0,4003,2182,3.0,980,70,2,15,Monday
690,2022-11-22,0,77,1133,126,3,0,0,1771,3.4266886326194377,1440,0,0,0,Tuesday
691,2022-11-23,0,77,1133,126,3,0,0,1782,3.4266886326194377,1440,0,0,0,Wednesday
692,2022-11-24,0,77,1133,126,3,0,2728,2557,2.0,1278,137,13,12,Thursday
693,2022-11-25,72,84,910,90,0,0,4231,2350,3.1,1338,89,3,10,Friday
694,2022-11-26,72,79,1429,4,0,0,509,2000,0.4,1389,51,0,0,Saturday
695,2022-11-27,71,76,643,7,0,0,634,1836,0.4,1425,15,0,0,Sunday
696,2022-11-28,0,77,1133,126,3,0,0,1771,3.4266886326194377,1440,0,0,0,Monday
697,2022-11-29,71,86,836,170,0,0,4747,2627,3.5,1234,200,6,0,Tuesday
698,2022-11-30,70,76,1359,46,0,0,1435,2155,1.1,1353,87,0,0,Wednesday
699,2022-12-01,69,78,1329,74,1,0,4622,2469,3.4,1282,158,0,0,Thursday
700,2022-12-02,68,77,1353,50,0,0,2248,2171,1.5,1344,96,0,0,Friday
701,2022-12-03,69,78,1241,155,1,0,2861,2465,2.1,1296,129,5,10,Saturday
702,2022-12-04,70,76,1274,152,0,0,5470,2532,4.0,1278,122,31,9,Sunday
703,2022-12-05,70,79,1303,92,0,0,6335,2455,4.7,1194,144,7,8,Monday
704,2022-12-06,70,77,755,2,0,0,1444,1902,1.1,1292,34,0,0,Tuesday
705,2022-12-07,70,73,500,0,0,0,309,1795,0.2,1064,8,0,0,Wednesday
706,2022-12-08,70,74,1307,93,12,4,2798,2522,2.1,921,169,7,6,Thursday
707,2022-12-09,71,77,1380,34,0,0,1931,2080,1.4,989,84,0,0,Friday
708,2022-12-10,71,75,1402,3,0,0,836,1978,0.6,927,44,0,0,Saturday
709,2022-12-11,72,77,740,59,0,0,2095,2075,1.5,996,56,7,7,Sunday
710,2022-12-12,72,83,726,181,6,0,5408,2600,4.0,1280,136,12,12,Monday
711,2022-12-13,73,88,657,41,5,0,1480,2080,1.1,1391,39,1,9,Tuesday
712,2022-12-14,76,82,1284,144,1,0,3094,2434,2.3,890,163,7,1,Wednesday
713,2022-12-15,76,78,1353,70,0,0,4059,2222,3.0,837,126,0,0,Thursday
714,2022-12-16,76,78,1132,290,1,0,4088,3097,3.0,613,244,55,22,Friday
715,2022-12-17,76,86,1009,181,0,0,10188,2495,7.5,831,179,5,6,Saturday
716,2022-12-18,76,87,632,30,0,0,5351,2003,3.9,1375,65,0,0,Sunday
717,2022-12-19,73,73,1356,43,0,0,2876,2173,2.1,833,124,0,0,Monday
718,2022-12-20,72,75,1301,95,0,0,2699,2327,2.0,827,121,12,0,Tuesday
719,2022-12-21,72,75,1413,3,0,0,870,1961,0.6,936,52,0,0,Wednesday
720,2022-12-22,72,76,1238,136,8,0,3327,2610,2.4,841,190,4,11,Thursday
721,2022-12-23,74,78,1206,225,0,0,2888,2846,2.1,732,150,78,18,Friday
722,2022-12-24,76,84,982,77,0,0,11483,2236,8.4,802,135,0,0,Saturday
723,2022-12-25,0,84,5,0,0,0,343,1771,0.3,1440,0,0,0,Sunday
724,2022-12-26,0,80,2,0,0,0,0,1771,0.0,1440,0,0,0,Monday
725,2022-12-27,75,76,415,164,3,0,1261,2595,0.9,1247,109,61,23,Tuesday
726,2022-12-28,74,91,563,0,0,0,6933,1855,5.1,1421,19,0,0,Wednesday
727,2022-12-29,72,75,1334,100,0,0,1887,2194,1.4,846,107,0,0,Thursday
728,2022-12-30,70,75,1224,182,1,0,2288,2894,1.7,780,170,42,30,Friday
729,2022-12-31,73,80,1366,49,0,0,8078,2304,5.9,943,133,0,0,Saturday
