,Date,startTime,endTime,duration,minutesToFallAsleep,minutesAsleep,minutesAwake,minutesAfterWakeup,timeInBed,deep,wake,light,rem,day_of_week
122,2021-01-01,2021-01-01T15:32:00.000,2021-01-01T16:58:30.000,1.4,0,80,6,0,86,57,40,173,68,Friday
123,2021-01-01,2021-01-01T01:00:30.000,2021-01-01T09:21:00.000,8.3,0,453,47,1,500,53,47,310,90,Friday
121,2021-01-02,2021-01-02T00:53:00.000,2021-01-02T08:05:00.000,7.2,0,369,63,0,432,86,63,198,85,Saturday
120,2021-01-03,2021-01-03T00:39:30.000,2021-01-03T08:54:00.000,8.2,0,452,42,0,494,93,42,218,141,Sunday
119,2021-01-04,2021-01-04T01:38:00.000,2021-01-04T08:15:00.000,6.6,0,369,28,0,397,81,28,187,101,Monday
118,2021-01-05,2021-01-04T23:12:00.000,2021-01-05T09:39:30.000,10.4,0,528,99,0,627,105,99,286,137,Tuesday
117,2021-01-05,2021-01-05T14:16:00.000,2021-01-05T15:33:30.000,1.3,0,61,16,0,77,57,40,173,68,Tuesday
116,2021-01-05,2021-01-05T22:10:00.000,2021-01-05T23:49:00.000,1.6,0,97,2,0,99,57,40,173,68,Tuesday
115,2021-01-06,2021-01-06T03:28:00.000,2021-01-06T09:33:00.000,6.1,0,348,17,0,365,57,40,173,68,Wednesday
114,2021-01-07,2021-01-07T01:44:30.000,2021-01-07T09:02:30.000,7.3,0,386,52,0,438,67,52,188,131,Thursday
113,2021-01-08,2021-01-08T02:15:30.000,2021-01-08T09:15:00.000,7.0,0,391,28,0,419,92,28,172,127,Friday
112,2021-01-09,2021-01-09T01:11:00.000,2021-01-09T08:49:30.000,7.6,0,412,46,4,458,79,46,221,112,Saturday
111,2021-01-10,2021-01-10T00:18:30.000,2021-01-10T10:08:30.000,9.8,0,548,42,0,590,143,42,252,153,Sunday
110,2021-01-11,2021-01-11T00:18:30.000,2021-01-11T10:16:00.000,10.0,0,508,89,0,597,109,89,278,121,Monday
109,2021-01-12,2021-01-12T00:21:30.000,2021-01-12T09:30:00.000,9.1,0,445,103,0,548,71,103,327,47,Tuesday
108,2021-01-12,2021-01-12T16:35:30.000,2021-01-12T18:43:00.000,2.1,0,120,7,0,127,57,40,173,68,Tuesday
107,2021-01-13,2021-01-13T01:50:30.000,2021-01-13T09:44:00.000,7.9,0,422,51,0,473,85,51,224,113,Wednesday
106,2021-01-14,2021-01-14T01:36:30.000,2021-01-14T10:17:00.000,8.7,0,451,69,0,520,71,69,285,95,Thursday
105,2021-01-15,2021-01-15T00:04:30.000,2021-01-15T09:49:30.000,9.8,0,508,77,5,585,92,77,283,133,Friday
104,2021-01-16,2021-01-16T01:00:00.000,2021-01-16T09:40:30.000,8.7,0,465,55,0,520,63,55,297,105,Saturday
103,2021-01-16,2021-01-16T19:45:30.000,2021-01-16T21:07:30.000,1.4,0,70,9,3,82,57,40,173,68,Saturday
75,2021-01-17,2021-01-17T01:01:30.000,2021-01-17T09:58:00.000,8.9,0,463,73,0,536,78,73,286,99,Sunday
102,2021-01-17,2021-01-17T01:01:30.000,2021-01-17T09:58:00.000,8.9,0,463,73,0,536,78,73,286,99,Sunday
101,2021-01-17,2021-01-17T16:53:00.000,2021-01-17T18:07:00.000,1.2,0,62,12,0,74,57,40,173,68,Sunday
74,2021-01-17,2021-01-17T16:53:00.000,2021-01-17T18:07:00.000,1.2,0,62,12,0,74,57,40,173,68,Sunday
73,2021-01-18,2021-01-18T01:18:00.000,2021-01-18T09:55:00.000,8.6,0,444,73,0,517,78,73,264,102,Monday
72,2021-01-19,2021-01-18T23:59:00.000,2021-01-19T09:52:30.000,9.9,0,515,78,0,593,85,78,328,102,Tuesday
71,2021-01-20,2021-01-19T23:26:30.000,2021-01-20T09:25:30.000,10.0,0,534,65,0,599,92,65,286,156,Wednesday
70,2021-01-21,2021-01-21T01:40:30.000,2021-01-21T10:09:30.000,8.5,0,439,70,3,509,81,70,251,107,Thursday
69,2021-01-22,2021-01-22T01:48:00.000,2021-01-22T10:20:30.000,8.5,0,472,40,0,512,96,40,251,125,Friday
68,2021-01-23,2021-01-23T00:58:30.000,2021-01-23T09:52:30.000,8.9,0,471,63,0,534,117,63,231,123,Saturday
67,2021-01-24,2021-01-24T01:03:00.000,2021-01-24T09:01:30.000,8.0,0,427,51,0,478,77,51,213,137,Sunday
66,2021-01-25,2021-01-25T00:48:00.000,2021-01-25T09:59:30.000,9.2,0,504,47,0,551,94,47,274,136,Monday
65,2021-01-26,2021-01-26T01:01:30.000,2021-01-26T08:29:00.000,7.4,0,394,53,0,447,78,53,223,93,Tuesday
64,2021-01-26,2021-01-26T18:52:00.000,2021-01-26T20:08:30.000,1.3,0,72,4,0,76,57,40,173,68,Tuesday
63,2021-01-27,2021-01-27T01:27:00.000,2021-01-27T09:06:30.000,7.6,0,405,54,1,459,99,54,242,64,Wednesday
62,2021-01-28,2021-01-28T00:28:00.000,2021-01-28T10:14:30.000,9.8,0,501,85,1,586,78,85,275,148,Thursday
60,2021-01-29,2021-01-29T17:53:30.000,2021-01-29T18:59:30.000,1.1,0,64,2,0,66,57,40,173,68,Friday
61,2021-01-29,2021-01-29T02:00:30.000,2021-01-29T09:01:00.000,7.0,0,378,42,0,420,80,42,215,83,Friday
59,2021-01-30,2021-01-30T01:53:00.000,2021-01-30T09:28:30.000,7.6,0,397,58,0,455,96,58,199,102,Saturday
58,2021-01-31,2021-01-31T00:48:00.000,2021-01-31T09:50:00.000,9.0,0,495,47,0,542,101,47,231,163,Sunday
57,2021-02-01,2021-02-01T01:49:00.000,2021-02-01T09:49:30.000,8.0,0,398,82,0,480,50,82,298,50,Monday
56,2021-02-02,2021-02-02T00:20:00.000,2021-02-02T09:04:30.000,8.7,0,471,53,0,524,119,53,211,141,Tuesday
55,2021-02-03,2021-02-03T00:18:00.000,2021-02-03T09:24:30.000,9.1,0,495,51,1,546,90,51,280,125,Wednesday
54,2021-02-04,2021-02-04T02:07:30.000,2021-02-04T09:34:00.000,7.4,0,397,49,0,446,66,49,238,93,Thursday
53,2021-02-05,2021-02-05T00:38:00.000,2021-02-05T08:54:30.000,8.3,0,452,44,0,496,94,44,238,120,Friday
52,2021-02-06,2021-02-06T02:00:00.000,2021-02-06T08:52:30.000,6.9,0,365,47,0,412,95,47,183,87,Saturday
50,2021-02-07,2021-02-07T15:25:30.000,2021-02-07T17:00:00.000,1.6,0,80,11,3,94,57,40,173,68,Sunday
51,2021-02-07,2021-02-07T00:50:30.000,2021-02-07T06:53:30.000,6.0,0,316,47,0,363,47,47,210,59,Sunday
49,2021-02-08,2021-02-08T00:11:30.000,2021-02-08T03:51:30.000,3.7,0,196,24,2,220,37,24,126,33,Monday
48,2021-02-09,2021-02-09T00:16:30.000,2021-02-09T08:59:30.000,8.7,0,457,66,0,523,110,66,274,73,Tuesday
47,2021-02-10,2021-02-09T23:45:00.000,2021-02-10T08:26:00.000,8.7,0,465,56,2,521,108,56,239,118,Wednesday
46,2021-02-11,2021-02-11T00:45:30.000,2021-02-11T08:15:00.000,7.5,0,395,54,0,449,73,54,246,76,Thursday
44,2021-02-12,2021-02-12T18:02:30.000,2021-02-12T19:24:00.000,1.4,0,76,5,0,81,57,40,173,68,Friday
45,2021-02-12,2021-02-12T00:36:30.000,2021-02-12T08:05:00.000,7.5,0,382,66,0,448,75,66,228,79,Friday
43,2021-02-13,2021-02-13T02:54:00.000,2021-02-13T09:55:30.000,7.0,0,360,61,3,421,58,61,245,57,Saturday
42,2021-02-14,2021-02-14T02:55:30.000,2021-02-14T10:32:00.000,7.6,0,400,56,1,456,86,56,230,84,Sunday
41,2021-02-15,2021-02-15T02:35:00.000,2021-02-15T09:49:00.000,7.2,0,380,54,0,434,119,54,196,65,Monday
40,2021-02-16,2021-02-16T03:26:00.000,2021-02-16T10:14:00.000,6.8,0,359,49,0,408,102,49,172,85,Tuesday
179,2021-02-16,2021-02-16T03:26:00.000,2021-02-16T10:14:00.000,6.8,0,359,49,0,408,102,49,172,85,Tuesday
178,2021-02-17,2021-02-17T00:57:00.000,2021-02-17T06:54:30.000,6.0,0,289,68,0,357,74,68,180,35,Wednesday
177,2021-02-18,2021-02-18T00:31:00.000,2021-02-18T07:55:30.000,7.4,0,395,49,0,444,85,49,222,88,Thursday
176,2021-02-19,2021-02-19T01:13:00.000,2021-02-19T07:22:30.000,6.2,0,326,43,0,369,54,43,195,77,Friday
174,2021-02-20,2021-02-20T14:39:00.000,2021-02-20T16:29:30.000,1.8,0,103,7,0,110,57,40,173,68,Saturday
175,2021-02-20,2021-02-20T02:07:00.000,2021-02-20T08:25:00.000,6.3,0,331,47,0,378,72,47,174,85,Saturday
172,2021-02-21,2021-02-21T15:27:30.000,2021-02-21T17:01:30.000,1.6,0,86,8,0,94,57,40,173,68,Sunday
173,2021-02-21,2021-02-21T02:51:00.000,2021-02-21T08:59:30.000,6.1,0,316,52,1,368,74,52,160,82,Sunday
170,2021-02-22,2021-02-22T17:02:00.000,2021-02-22T18:37:30.000,1.6,0,88,6,1,95,57,40,173,68,Monday
171,2021-02-22,2021-02-22T02:34:30.000,2021-02-22T10:28:30.000,7.9,0,425,49,0,474,50,49,284,91,Monday
169,2021-02-23,2021-02-23T02:02:30.000,2021-02-23T09:19:00.000,7.3,0,379,57,0,436,60,57,240,79,Tuesday
168,2021-02-24,2021-02-24T00:01:30.000,2021-02-24T08:33:00.000,8.5,0,449,62,0,511,95,62,253,101,Wednesday
167,2021-02-25,2021-02-25T00:54:30.000,2021-02-25T09:45:30.000,8.8,0,464,67,8,531,89,67,286,89,Thursday
166,2021-02-26,2021-02-26T01:40:30.000,2021-02-26T09:05:00.000,7.4,0,400,44,1,444,91,44,215,94,Friday
165,2021-02-27,2021-02-26T23:56:00.000,2021-02-27T07:43:30.000,7.8,0,409,58,0,467,95,58,239,75,Saturday
164,2021-02-28,2021-02-27T22:24:30.000,2021-02-28T08:58:00.000,10.6,0,551,82,0,633,104,82,332,115,Sunday
163,2021-03-01,2021-03-01T01:17:00.000,2021-03-01T08:54:30.000,7.6,0,416,41,0,457,103,41,210,103,Monday
162,2021-03-02,2021-03-01T23:38:00.000,2021-03-02T09:02:00.000,9.4,0,464,100,0,564,71,100,308,85,Tuesday
160,2021-03-03,2021-03-03T13:55:30.000,2021-03-03T14:58:30.000,1.0,0,58,4,1,63,57,40,173,68,Wednesday
161,2021-03-03,2021-03-03T01:54:30.000,2021-03-03T10:09:30.000,8.2,0,430,65,0,495,59,65,280,91,Wednesday
159,2021-03-04,2021-03-03T23:31:30.000,2021-03-04T09:31:00.000,10.0,0,499,100,0,599,86,100,338,75,Thursday
158,2021-03-05,2021-03-04T23:44:00.000,2021-03-05T08:34:00.000,8.8,0,472,58,0,530,99,58,264,109,Friday
157,2021-03-06,2021-03-06T14:03:30.000,2021-03-06T17:23:00.000,3.3,0,175,24,0,199,25,24,130,20,Saturday
156,2021-03-07,2021-03-07T00:00:00.000,2021-03-07T04:55:00.000,4.9,0,293,2,0,295,57,40,173,68,Sunday
155,2021-03-07,2021-03-07T04:58:00.000,2021-03-07T07:43:30.000,2.8,0,156,9,0,165,57,40,173,68,Sunday
154,2021-03-08,2021-03-08T00:08:00.000,2021-03-08T07:31:00.000,7.4,0,390,53,0,443,45,53,267,78,Monday
152,2021-03-09,2021-03-09T15:11:00.000,2021-03-09T17:40:00.000,2.5,0,135,14,0,149,57,40,173,68,Tuesday
153,2021-03-09,2021-03-09T01:28:00.000,2021-03-09T08:55:30.000,7.4,0,405,42,0,447,64,42,251,90,Tuesday
151,2021-03-10,2021-03-10T00:45:30.000,2021-03-10T08:43:00.000,8.0,0,408,69,7,477,84,69,291,33,Wednesday
150,2021-03-11,2021-03-11T00:10:00.000,2021-03-11T07:35:30.000,7.4,0,399,46,5,445,86,46,234,79,Thursday
149,2021-03-15,2021-03-15T01:12:30.000,2021-03-15T09:02:00.000,7.8,0,431,38,0,469,84,38,229,118,Monday
148,2021-03-16,2021-03-16T02:03:00.000,2021-03-16T09:48:30.000,7.8,0,417,48,0,465,56,48,250,111,Tuesday
147,2021-03-17,2021-03-17T02:03:00.000,2021-03-17T10:13:00.000,8.2,0,448,42,0,490,78,42,275,95,Wednesday
146,2021-03-18,2021-03-18T01:13:00.000,2021-03-18T09:13:00.000,8.0,0,410,70,2,480,66,70,242,102,Thursday
314,2021-03-18,2021-03-18T01:13:00.000,2021-03-18T09:13:00.000,8.0,0,410,70,2,480,66,70,242,102,Thursday
313,2021-03-20,2021-03-20T01:31:30.000,2021-03-20T09:03:00.000,7.5,0,408,43,0,451,94,43,245,69,Saturday
312,2021-03-21,2021-03-21T01:21:00.000,2021-03-21T09:50:30.000,8.5,0,453,56,0,509,115,56,281,57,Sunday
311,2021-03-22,2021-03-22T01:48:30.000,2021-03-22T08:32:00.000,6.7,0,354,49,1,403,67,49,236,51,Monday
310,2021-03-23,2021-03-23T01:48:00.000,2021-03-23T08:40:30.000,6.9,0,367,45,0,412,52,45,245,70,Tuesday
309,2021-03-24,2021-03-23T23:49:00.000,2021-03-24T10:05:00.000,10.3,0,532,84,0,616,117,84,303,112,Wednesday
308,2021-03-25,2021-03-25T00:32:00.000,2021-03-25T08:25:00.000,7.9,0,410,63,0,473,85,63,231,94,Thursday
307,2021-03-26,2021-03-26T00:45:00.000,2021-03-26T06:29:00.000,5.7,0,318,26,0,344,53,26,156,109,Friday
306,2021-03-27,2021-03-26T22:34:00.000,2021-03-27T07:49:00.000,9.2,0,510,45,5,555,102,45,276,132,Saturday
305,2021-03-28,2021-03-27T22:36:00.000,2021-03-28T07:36:00.000,9.0,0,453,87,0,540,65,87,313,75,Sunday
304,2021-03-29,2021-03-29T00:01:30.000,2021-03-29T08:42:00.000,8.7,0,453,67,0,520,95,67,262,96,Monday
303,2021-03-31,2021-03-31T00:39:30.000,2021-03-31T08:43:30.000,8.1,0,418,66,0,484,54,66,288,76,Wednesday
302,2021-04-01,2021-04-01T00:41:00.000,2021-04-01T06:03:00.000,5.4,0,295,27,0,322,40,27,221,34,Thursday
301,2021-04-02,2021-04-01T20:15:30.000,2021-04-02T07:12:30.000,11.0,0,550,107,0,657,87,107,295,168,Friday
299,2021-04-03,2021-04-03T14:43:30.000,2021-04-03T15:56:00.000,1.2,0,60,12,0,72,57,40,173,68,Saturday
300,2021-04-03,2021-04-02T22:10:00.000,2021-04-03T07:07:00.000,9.0,0,473,64,0,537,122,64,225,126,Saturday
298,2021-04-04,2021-04-03T23:22:00.000,2021-04-04T07:46:00.000,8.4,0,448,56,1,504,97,56,249,102,Sunday
297,2021-04-05,2021-04-04T23:25:30.000,2021-04-05T07:52:30.000,8.4,0,450,57,13,507,88,57,258,104,Monday
296,2021-04-06,2021-04-06T00:07:30.000,2021-04-06T08:06:30.000,8.0,0,404,75,0,479,103,75,202,99,Tuesday
295,2021-04-07,2021-04-07T00:10:00.000,2021-04-07T08:39:00.000,8.5,0,445,64,0,509,61,64,284,100,Wednesday
294,2021-04-08,2021-04-08T00:56:00.000,2021-04-08T08:45:00.000,7.8,0,427,42,1,469,66,42,242,119,Thursday
293,2021-04-09,2021-04-09T02:18:30.000,2021-04-09T09:07:30.000,6.8,0,363,46,0,409,67,46,190,106,Friday
292,2021-04-10,2021-04-09T23:42:00.000,2021-04-10T09:02:00.000,9.3,0,488,72,0,560,91,72,256,141,Saturday
291,2021-04-11,2021-04-11T00:33:00.000,2021-04-11T08:57:30.000,8.4,0,455,49,8,504,95,49,260,100,Sunday
290,2021-04-12,2021-04-12T01:50:00.000,2021-04-12T08:20:00.000,6.5,0,347,43,0,390,72,43,203,72,Monday
289,2021-04-13,2021-04-13T00:26:00.000,2021-04-13T09:15:00.000,8.8,0,435,94,0,529,70,94,292,73,Tuesday
288,2021-04-14,2021-04-14T01:18:00.000,2021-04-14T09:20:30.000,8.0,0,443,39,0,482,72,39,208,163,Wednesday
287,2021-04-15,2021-04-15T00:04:30.000,2021-04-15T04:56:00.000,4.8,0,257,34,3,291,48,34,154,55,Thursday
286,2021-04-16,2021-04-16T02:55:00.000,2021-04-16T10:06:30.000,7.2,0,384,47,0,431,73,47,199,112,Friday
285,2021-04-17,2021-04-16T23:29:00.000,2021-04-17T08:48:00.000,9.3,0,506,53,4,559,87,53,321,98,Saturday
284,2021-04-17,2021-04-17T15:50:30.000,2021-04-17T17:54:30.000,2.1,0,120,4,0,124,57,40,173,68,Saturday
469,2021-04-17,2021-04-17T15:50:30.000,2021-04-17T17:54:30.000,2.1,0,120,4,0,124,57,40,173,68,Saturday
470,2021-04-17,2021-04-16T23:29:00.000,2021-04-17T08:48:00.000,9.3,0,506,53,4,559,87,53,321,98,Saturday
468,2021-04-18,2021-04-18T03:43:30.000,2021-04-18T09:23:00.000,5.6,0,304,35,0,339,33,35,157,114,Sunday
467,2021-04-19,2021-04-18T23:54:00.000,2021-04-19T08:31:00.000,8.6,0,475,42,0,517,74,42,265,136,Monday
466,2021-04-20,2021-04-20T01:28:00.000,2021-04-20T07:17:00.000,5.8,0,310,39,4,349,65,39,174,71,Tuesday
465,2021-04-21,2021-04-21T03:14:00.000,2021-04-21T08:59:00.000,5.8,0,306,39,0,345,71,39,159,76,Wednesday
464,2021-04-22,2021-04-22T03:08:00.000,2021-04-22T09:41:30.000,6.6,0,353,40,0,393,77,40,199,77,Thursday
463,2021-04-23,2021-04-23T02:04:00.000,2021-04-23T10:55:00.000,8.8,0,465,66,0,531,129,66,265,71,Friday
462,2021-04-24,2021-04-24T00:21:30.000,2021-04-24T08:26:00.000,8.1,0,433,51,0,484,73,51,268,92,Saturday
461,2021-04-25,2021-04-25T00:07:30.000,2021-04-25T09:10:30.000,9.0,0,476,67,0,543,82,67,305,89,Sunday
459,2021-04-26,2021-04-26T16:25:00.000,2021-04-26T18:11:30.000,1.8,0,90,16,0,106,57,40,173,68,Monday
460,2021-04-26,2021-04-26T03:20:00.000,2021-04-26T09:26:00.000,6.1,0,313,53,4,366,84,53,203,26,Monday
458,2021-04-27,2021-04-27T02:38:00.000,2021-04-27T09:50:00.000,7.2,0,395,37,0,432,98,37,178,119,Tuesday
456,2021-04-28,2021-04-28T18:53:00.000,2021-04-28T20:42:30.000,1.8,0,104,5,0,109,57,40,173,68,Wednesday
457,2021-04-28,2021-04-28T01:20:00.000,2021-04-28T09:36:00.000,8.3,0,457,39,0,496,79,39,306,72,Wednesday
454,2021-04-29,2021-04-29T18:02:30.000,2021-04-29T19:59:30.000,2.0,0,112,5,0,117,57,40,173,68,Thursday
455,2021-04-29,2021-04-29T02:34:30.000,2021-04-29T06:40:00.000,4.1,0,212,33,0,245,33,33,127,52,Thursday
453,2021-04-30,2021-04-30T03:40:00.000,2021-04-30T09:05:30.000,5.4,0,286,39,0,325,37,39,185,64,Friday
451,2021-05-01,2021-05-01T14:21:30.000,2021-05-01T16:51:00.000,2.5,0,144,5,0,149,57,40,173,68,Saturday
452,2021-05-01,2021-04-30T23:36:30.000,2021-05-01T06:59:30.000,7.4,0,387,56,2,443,46,56,223,118,Saturday
449,2021-05-02,2021-05-02T09:39:30.000,2021-05-02T11:43:30.000,2.1,0,115,5,4,124,57,40,173,68,Sunday
450,2021-05-02,2021-05-02T00:14:30.000,2021-05-02T06:04:00.000,5.8,0,315,34,4,349,66,34,186,63,Sunday
447,2021-05-03,2021-05-03T15:06:30.000,2021-05-03T17:32:30.000,2.4,0,132,14,0,146,57,40,173,68,Monday
448,2021-05-03,2021-05-03T00:55:00.000,2021-05-03T07:04:00.000,6.2,0,343,26,1,369,50,26,185,108,Monday
446,2021-05-04,2021-05-04T01:19:30.000,2021-05-04T07:01:30.000,5.7,0,300,42,0,342,71,42,149,80,Tuesday
444,2021-05-05,2021-05-05T10:33:00.000,2021-05-05T13:55:00.000,3.4,0,176,26,0,202,44,26,113,19,Wednesday
445,2021-05-05,2021-05-05T00:28:00.000,2021-05-05T06:06:00.000,5.6,0,306,32,7,338,78,32,153,75,Wednesday
442,2021-05-06,2021-05-06T13:49:00.000,2021-05-06T17:06:00.000,3.3,0,161,36,6,197,19,36,121,21,Thursday
443,2021-05-06,2021-05-06T00:05:30.000,2021-05-06T05:47:30.000,5.7,0,307,35,8,342,59,35,154,94,Thursday
440,2021-05-07,2021-05-07T16:27:00.000,2021-05-07T17:36:00.000,1.2,0,63,0,6,69,57,40,173,68,Friday
441,2021-05-07,2021-05-07T00:35:30.000,2021-05-07T06:04:30.000,5.5,0,281,48,0,329,34,48,195,52,Friday
439,2021-05-08,2021-05-08T00:08:00.000,2021-05-08T05:43:00.000,5.6,0,309,26,0,335,61,26,205,43,Saturday
438,2021-05-08,2021-05-08T13:02:00.000,2021-05-08T15:34:30.000,2.5,0,145,7,0,152,57,40,173,68,Saturday
436,2021-05-09,2021-05-09T15:39:00.000,2021-05-09T18:34:00.000,2.9,0,168,7,0,175,57,40,173,68,Sunday
437,2021-05-09,2021-05-09T01:38:00.000,2021-05-09T05:42:30.000,4.1,0,222,22,1,244,51,22,126,45,Sunday
435,2021-05-10,2021-05-10T02:19:30.000,2021-05-10T05:29:30.000,3.2,0,177,13,0,190,35,13,88,54,Monday
434,2021-05-10,2021-05-10T15:24:00.000,2021-05-10T18:21:00.000,3.0,0,167,10,0,177,57,40,173,68,Monday
433,2021-05-11,2021-05-11T00:46:30.000,2021-05-11T05:39:00.000,4.9,0,264,28,1,292,25,28,158,81,Tuesday
432,2021-05-11,2021-05-11T13:46:30.000,2021-05-11T16:30:30.000,2.7,0,152,7,5,164,57,40,173,68,Tuesday
431,2021-05-12,2021-05-12T02:05:00.000,2021-05-12T06:52:00.000,4.8,0,258,29,4,287,53,29,166,39,Wednesday
430,2021-05-12,2021-05-12T14:55:00.000,2021-05-12T17:20:30.000,2.4,0,133,12,0,145,57,40,173,68,Wednesday
429,2021-05-13,2021-05-13T02:04:00.000,2021-05-13T06:09:00.000,4.1,0,217,28,1,245,30,28,156,31,Thursday
428,2021-05-14,2021-05-14T01:18:00.000,2021-05-14T07:32:30.000,6.2,0,344,30,0,374,81,30,181,82,Friday
427,2021-05-14,2021-05-14T16:35:00.000,2021-05-14T18:32:30.000,2.0,0,109,8,0,117,57,40,173,68,Friday
426,2021-05-15,2021-05-15T02:55:30.000,2021-05-15T08:49:30.000,5.9,0,308,46,0,354,52,46,197,59,Saturday
425,2021-05-16,2021-05-16T14:39:00.000,2021-05-16T15:40:30.000,1.0,0,46,15,0,61,57,40,173,68,Sunday
424,2021-05-17,2021-05-17T01:36:00.000,2021-05-17T09:28:00.000,7.9,0,400,72,1,472,48,72,307,45,Monday
549,2021-05-17,2021-05-17T01:36:00.000,2021-05-17T09:28:00.000,7.9,0,400,72,1,472,48,72,307,45,Monday
548,2021-05-18,2021-05-17T23:06:00.000,2021-05-18T05:36:30.000,6.5,0,357,33,0,390,37,33,220,100,Tuesday
547,2021-05-18,2021-05-18T14:54:30.000,2021-05-18T17:18:00.000,2.4,0,142,1,0,143,57,40,173,68,Tuesday
546,2021-05-19,2021-05-19T00:13:30.000,2021-05-19T05:44:00.000,5.5,0,292,38,0,330,66,38,155,71,Wednesday
545,2021-05-23,2021-05-22T21:45:30.000,2021-05-23T02:02:30.000,4.3,0,236,21,0,257,19,21,161,56,Sunday
544,2021-05-23,2021-05-23T06:23:00.000,2021-05-23T09:48:00.000,3.4,0,178,27,0,205,51,27,88,39,Sunday
543,2021-05-23,2021-05-23T15:03:00.000,2021-05-23T16:38:30.000,1.6,0,91,3,1,95,57,40,173,68,Sunday
542,2021-05-24,2021-05-24T15:36:00.000,2021-05-24T17:06:00.000,1.5,0,87,3,0,90,57,40,173,68,Monday
541,2021-05-25,2021-05-24T22:20:00.000,2021-05-25T03:22:30.000,5.0,0,245,57,0,302,41,57,167,37,Tuesday
540,2021-05-25,2021-05-25T07:19:00.000,2021-05-25T09:04:00.000,1.8,0,91,9,5,105,57,40,173,68,Tuesday
539,2021-05-25,2021-05-25T16:50:00.000,2021-05-25T18:15:30.000,1.4,0,72,12,1,85,57,40,173,68,Tuesday
538,2021-05-26,2021-05-26T00:21:00.000,2021-05-26T05:33:00.000,5.2,0,276,36,1,312,51,36,148,77,Wednesday
537,2021-05-27,2021-05-27T02:11:30.000,2021-05-27T05:50:30.000,3.6,0,182,37,0,219,45,37,107,30,Thursday
536,2021-05-27,2021-05-27T08:37:00.000,2021-05-27T11:02:00.000,2.4,0,130,13,2,145,57,40,173,68,Thursday
535,2021-05-28,2021-05-27T23:02:00.000,2021-05-28T04:07:30.000,5.1,0,271,34,0,305,41,34,171,59,Friday
534,2021-05-28,2021-05-28T15:31:30.000,2021-05-28T17:00:30.000,1.5,0,79,10,0,89,57,40,173,68,Friday
533,2021-05-29,2021-05-29T01:58:00.000,2021-05-29T05:50:00.000,3.9,0,222,10,0,232,42,10,133,47,Saturday
532,2021-05-29,2021-05-29T07:34:30.000,2021-05-29T09:12:00.000,1.6,0,88,8,1,97,57,40,173,68,Saturday
531,2021-05-29,2021-05-29T16:46:30.000,2021-05-29T18:26:30.000,1.7,0,92,8,0,100,57,40,173,68,Saturday
530,2021-05-30,2021-05-29T23:59:00.000,2021-05-30T05:33:00.000,5.6,0,299,35,1,334,59,35,176,64,Sunday
529,2021-05-30,2021-05-30T21:12:30.000,2021-05-30T22:31:00.000,1.3,0,76,2,0,78,57,40,173,68,Sunday
528,2021-05-31,2021-05-31T07:53:30.000,2021-05-31T10:58:30.000,3.1,0,167,18,1,185,46,18,74,47,Monday
527,2021-05-31,2021-05-31T16:54:00.000,2021-05-31T18:45:00.000,1.8,0,103,8,0,111,57,40,173,68,Monday
526,2021-06-01,2021-06-01T12:40:00.000,2021-06-01T15:21:30.000,2.7,0,158,3,0,161,57,40,173,68,Tuesday
525,2021-06-02,2021-06-02T00:31:00.000,2021-06-02T05:35:30.000,5.1,0,270,34,0,304,52,34,141,77,Wednesday
524,2021-06-02,2021-06-02T13:26:30.000,2021-06-02T14:42:30.000,1.3,0,73,3,0,76,57,40,173,68,Wednesday
523,2021-06-03,2021-06-03T00:40:30.000,2021-06-03T05:50:30.000,5.2,0,289,21,1,310,44,21,163,82,Thursday
522,2021-06-03,2021-06-03T13:47:00.000,2021-06-03T15:55:30.000,2.1,0,113,15,0,128,57,40,173,68,Thursday
520,2021-06-04,2021-06-04T09:24:00.000,2021-06-04T11:32:00.000,2.1,0,125,3,0,128,57,40,173,68,Friday
521,2021-06-04,2021-06-04T01:43:00.000,2021-06-04T05:53:00.000,4.2,0,222,28,3,250,28,28,129,65,Friday
518,2021-06-05,2021-06-05T10:16:00.000,2021-06-05T13:10:30.000,2.9,0,170,4,0,174,57,40,173,68,Saturday
519,2021-06-05,2021-06-05T00:56:30.000,2021-06-05T05:28:00.000,4.5,0,245,26,0,271,44,26,148,53,Saturday
516,2021-06-06,2021-06-06T12:33:00.000,2021-06-06T14:12:00.000,1.6,0,94,5,0,99,57,40,173,68,Sunday
517,2021-06-06,2021-06-06T00:22:30.000,2021-06-06T07:32:30.000,7.2,0,387,43,3,430,52,43,282,53,Sunday
514,2021-06-07,2021-06-07T13:50:30.000,2021-06-07T15:44:30.000,1.9,0,105,9,0,114,57,40,173,68,Monday
515,2021-06-07,2021-06-07T01:42:30.000,2021-06-07T07:08:30.000,5.4,0,289,37,0,326,53,37,168,68,Monday
513,2021-06-09,2021-06-08T18:00:00.000,2021-06-09T00:20:30.000,6.3,0,349,31,0,380,54,31,211,84,Wednesday
512,2021-06-10,2021-06-09T22:00:30.000,2021-06-10T06:23:00.000,8.4,0,438,64,0,502,85,64,201,152,Thursday
511,2021-06-11,2021-06-10T23:04:00.000,2021-06-11T06:32:00.000,7.5,0,396,52,0,448,44,52,246,106,Friday
510,2021-06-12,2021-06-11T23:45:00.000,2021-06-12T07:09:00.000,7.4,0,409,35,0,444,105,35,183,121,Saturday
509,2021-06-12,2021-06-12T16:16:30.000,2021-06-12T17:32:00.000,1.2,0,57,17,1,75,57,40,173,68,Saturday
508,2021-06-13,2021-06-12T22:44:00.000,2021-06-13T07:39:00.000,8.9,0,491,44,0,535,80,44,313,98,Sunday
507,2021-06-13,2021-06-13T16:50:30.000,2021-06-13T18:07:00.000,1.3,0,72,4,0,76,57,40,173,68,Sunday
506,2021-06-14,2021-06-13T22:59:30.000,2021-06-14T04:33:30.000,5.6,0,286,48,0,334,66,48,172,48,Monday
505,2021-06-15,2021-06-14T22:35:30.000,2021-06-15T06:27:00.000,7.8,0,435,36,0,471,76,36,224,135,Tuesday
504,2021-06-16,2021-06-15T23:43:00.000,2021-06-16T07:20:30.000,7.6,0,410,47,1,457,73,47,233,104,Wednesday
503,2021-06-16,2021-06-16T12:03:30.000,2021-06-16T14:27:30.000,2.4,0,131,13,0,144,57,40,173,68,Wednesday
255,2021-06-16,2021-06-15T23:43:00.000,2021-06-16T07:20:30.000,7.6,0,410,47,1,457,73,47,233,104,Wednesday
254,2021-06-16,2021-06-16T12:03:30.000,2021-06-16T14:27:30.000,2.4,0,131,13,0,144,57,40,173,68,Wednesday
253,2021-06-18,2021-06-18T00:41:30.000,2021-06-18T08:32:00.000,7.8,0,422,48,0,470,85,48,239,98,Friday
252,2021-06-19,2021-06-19T00:35:30.000,2021-06-19T08:29:30.000,7.9,0,394,80,0,474,91,80,254,49,Saturday
251,2021-06-20,2021-06-20T04:56:00.000,2021-06-20T10:46:00.000,5.8,0,314,36,0,350,87,36,166,61,Sunday
250,2021-06-21,2021-06-21T02:11:00.000,2021-06-21T09:17:30.000,7.1,0,360,66,1,426,78,66,213,69,Monday
249,2021-06-22,2021-06-22T01:26:00.000,2021-06-22T08:31:30.000,7.1,0,367,58,0,425,90,58,170,107,Tuesday
248,2021-06-23,2021-06-22T23:46:00.000,2021-06-23T08:57:00.000,9.2,0,487,64,0,551,96,64,299,92,Wednesday
247,2021-06-23,2021-06-23T16:28:00.000,2021-06-23T17:45:30.000,1.3,0,70,5,2,77,57,40,173,68,Wednesday
245,2021-06-24,2021-06-24T16:18:00.000,2021-06-24T17:35:30.000,1.3,0,63,5,9,77,57,40,173,68,Thursday
246,2021-06-24,2021-06-23T23:55:00.000,2021-06-24T09:34:00.000,9.6,0,500,79,4,579,122,79,276,102,Thursday
244,2021-06-25,2021-06-25T01:25:30.000,2021-06-25T08:25:30.000,7.0,0,368,52,0,420,70,52,240,58,Friday
243,2021-06-25,2021-06-25T15:39:30.000,2021-06-25T16:49:30.000,1.2,0,62,8,0,70,57,40,173,68,Friday
242,2021-06-26,2021-06-26T02:30:00.000,2021-06-26T10:05:00.000,7.6,0,410,45,0,455,94,45,217,99,Saturday
241,2021-06-27,2021-06-27T01:31:30.000,2021-06-27T08:46:00.000,7.2,0,400,34,0,434,96,34,218,86,Sunday
240,2021-06-27,2021-06-27T17:57:30.000,2021-06-27T19:45:00.000,1.8,0,99,8,0,107,57,40,173,68,Sunday
239,2021-06-28,2021-06-28T02:24:00.000,2021-06-28T08:55:00.000,6.5,0,338,53,1,391,60,53,202,76,Monday
238,2021-06-29,2021-06-29T00:30:00.000,2021-06-29T08:38:30.000,8.1,0,425,63,0,488,75,63,268,82,Tuesday
237,2021-06-29,2021-06-29T18:59:30.000,2021-06-29T20:34:00.000,1.6,0,82,7,5,94,57,40,173,68,Tuesday
236,2021-06-30,2021-06-30T00:32:30.000,2021-06-30T08:08:30.000,7.6,0,406,50,0,456,59,50,270,77,Wednesday
235,2021-07-01,2021-07-01T02:01:30.000,2021-07-01T09:12:30.000,7.2,0,394,37,4,431,72,37,240,82,Thursday
234,2021-07-02,2021-07-02T00:43:00.000,2021-07-02T08:23:30.000,7.7,0,396,64,0,460,69,64,225,102,Friday
233,2021-07-04,2021-07-04T00:45:30.000,2021-07-04T09:17:30.000,8.5,0,425,87,1,512,70,87,275,80,Sunday
232,2021-07-05,2021-07-05T01:17:30.000,2021-07-05T09:42:30.000,8.4,0,441,64,0,505,53,64,315,73,Monday
231,2021-07-06,2021-07-06T01:30:30.000,2021-07-06T09:48:30.000,8.3,0,446,52,0,498,86,52,237,123,Tuesday
230,2021-07-07,2021-07-07T00:34:00.000,2021-07-07T09:50:00.000,9.3,0,473,83,0,556,81,83,324,68,Wednesday
229,2021-07-07,2021-07-07T16:56:00.000,2021-07-07T18:56:30.000,2.0,0,115,5,0,120,57,40,173,68,Wednesday
228,2021-07-08,2021-07-08T00:55:30.000,2021-07-08T09:23:30.000,8.5,0,429,79,0,508,66,79,317,46,Thursday
226,2021-07-09,2021-07-09T08:40:00.000,2021-07-09T11:36:30.000,2.9,0,164,12,0,176,57,40,173,68,Friday
227,2021-07-09,2021-07-09T04:25:30.000,2021-07-09T06:22:30.000,2.0,0,102,15,0,117,57,40,173,68,Friday
225,2021-07-10,2021-07-09T22:54:30.000,2021-07-10T07:26:30.000,8.5,0,449,63,0,512,98,63,221,130,Saturday
224,2021-07-11,2021-07-10T23:35:00.000,2021-07-11T07:40:30.000,8.1,0,421,64,0,485,50,64,280,91,Sunday
223,2021-07-11,2021-07-11T15:40:00.000,2021-07-11T19:00:00.000,3.3,0,182,18,0,200,36,18,81,65,Sunday
222,2021-07-12,2021-07-12T00:57:30.000,2021-07-12T07:55:30.000,7.0,0,353,65,0,418,83,65,219,51,Monday
220,2021-07-13,2021-07-13T09:53:30.000,2021-07-13T12:01:30.000,2.1,0,126,2,0,128,57,40,173,68,Tuesday
221,2021-07-13,2021-07-13T00:06:00.000,2021-07-13T08:03:30.000,8.0,0,422,55,0,477,95,55,193,134,Tuesday
219,2021-07-14,2021-07-14T02:06:30.000,2021-07-14T08:31:00.000,6.4,0,331,53,0,384,48,53,211,72,Wednesday
218,2021-07-15,2021-07-15T01:05:30.000,2021-07-15T08:30:00.000,7.4,0,402,42,1,444,82,42,237,83,Thursday
217,2021-07-16,2021-07-16T00:41:00.000,2021-07-16T08:09:00.000,7.5,0,373,75,0,448,81,75,240,52,Friday
414,2021-07-16,2021-07-16T00:41:00.000,2021-07-16T08:09:00.000,7.5,0,373,75,0,448,81,75,240,52,Friday
413,2021-07-17,2021-07-17T02:06:30.000,2021-07-17T08:07:30.000,6.0,0,309,52,0,361,69,52,169,71,Saturday
412,2021-07-17,2021-07-17T16:59:30.000,2021-07-17T18:28:30.000,1.5,0,78,11,0,89,57,40,173,68,Saturday
411,2021-07-18,2021-07-18T00:46:30.000,2021-07-18T09:25:30.000,8.6,0,453,66,0,519,101,66,260,92,Sunday
410,2021-07-19,2021-07-19T01:25:30.000,2021-07-19T09:28:30.000,8.0,0,421,62,0,483,107,62,220,94,Monday
408,2021-07-20,2021-07-20T12:39:30.000,2021-07-20T15:42:30.000,3.0,0,168,15,0,183,29,15,94,45,Tuesday
409,2021-07-20,2021-07-19T23:01:30.000,2021-07-20T03:42:30.000,4.7,0,246,35,0,281,66,35,140,40,Tuesday
407,2021-07-21,2021-07-20T22:30:30.000,2021-07-21T06:36:30.000,8.1,0,425,61,1,486,90,61,255,80,Wednesday
406,2021-07-21,2021-07-21T13:22:00.000,2021-07-21T16:41:30.000,3.3,0,166,33,3,199,23,33,125,18,Wednesday
405,2021-07-22,2021-07-22T00:31:30.000,2021-07-22T05:36:30.000,5.1,0,261,44,0,305,44,44,179,38,Thursday
404,2021-07-22,2021-07-22T14:17:00.000,2021-07-22T16:40:30.000,2.4,0,137,4,2,143,57,40,173,68,Thursday
403,2021-07-23,2021-07-22T23:30:00.000,2021-07-23T05:44:30.000,6.2,0,335,39,0,374,68,39,191,76,Friday
402,2021-07-24,2021-07-23T22:23:30.000,2021-07-24T06:38:00.000,8.2,0,423,71,3,494,65,71,289,69,Saturday
401,2021-07-26,2021-07-26T02:03:30.000,2021-07-26T07:08:00.000,5.1,0,267,37,0,304,32,37,194,41,Monday
400,2021-07-26,2021-07-26T15:41:00.000,2021-07-26T17:49:00.000,2.1,0,113,13,2,128,57,40,173,68,Monday
399,2021-07-27,2021-07-27T00:28:30.000,2021-07-27T05:44:30.000,5.3,0,280,36,0,316,49,36,167,64,Tuesday
398,2021-07-27,2021-07-27T14:15:30.000,2021-07-27T16:58:30.000,2.7,0,146,17,0,163,57,40,173,68,Tuesday
397,2021-07-28,2021-07-28T01:24:30.000,2021-07-28T06:25:30.000,5.0,0,254,47,0,301,71,47,161,22,Wednesday
396,2021-07-28,2021-07-28T15:50:00.000,2021-07-28T17:18:00.000,1.5,0,78,7,3,88,57,40,173,68,Wednesday
395,2021-07-29,2021-07-28T23:40:30.000,2021-07-29T06:30:00.000,6.8,0,360,49,0,409,81,49,219,60,Thursday
394,2021-07-29,2021-07-29T14:17:00.000,2021-07-29T17:01:30.000,2.7,0,154,10,0,164,57,40,173,68,Thursday
393,2021-07-30,2021-07-30T01:45:30.000,2021-07-30T05:53:30.000,4.1,0,221,27,0,248,63,27,121,37,Friday
392,2021-07-30,2021-07-30T14:26:30.000,2021-07-30T16:57:30.000,2.5,0,145,6,0,151,57,40,173,68,Friday
391,2021-07-31,2021-07-31T00:33:00.000,2021-07-31T06:34:00.000,6.0,0,312,49,0,361,55,49,173,84,Saturday
390,2021-08-01,2021-07-31T21:01:30.000,2021-08-01T06:32:30.000,9.5,0,507,64,0,571,127,64,299,81,Sunday
389,2021-08-01,2021-08-01T13:01:30.000,2021-08-01T14:31:00.000,1.5,0,82,7,0,89,57,40,173,68,Sunday
388,2021-08-02,2021-08-02T00:38:30.000,2021-08-02T05:38:30.000,5.0,0,264,36,0,300,75,36,133,56,Monday
385,2021-08-03,2021-08-03T21:04:30.000,2021-08-03T23:49:00.000,2.7,0,159,5,0,164,57,40,173,68,Tuesday
386,2021-08-03,2021-08-03T12:08:30.000,2021-08-03T16:02:30.000,3.9,0,188,46,1,234,28,46,108,52,Tuesday
387,2021-08-03,2021-08-02T19:55:00.000,2021-08-03T01:41:00.000,5.8,0,309,37,0,346,59,37,199,51,Tuesday
384,2021-08-04,2021-08-04T13:24:30.000,2021-08-04T16:54:00.000,3.5,0,185,24,3,209,16,24,139,30,Wednesday
383,2021-08-05,2021-08-04T22:19:30.000,2021-08-05T05:44:30.000,7.4,0,392,53,0,445,94,53,206,92,Thursday
382,2021-08-06,2021-08-06T08:39:30.000,2021-08-06T10:19:30.000,1.7,0,84,10,6,100,57,40,173,68,Friday
381,2021-08-07,2021-08-06T20:27:30.000,2021-08-07T04:43:30.000,8.3,0,432,64,0,496,88,64,262,82,Saturday
380,2021-08-07,2021-08-07T15:12:30.000,2021-08-07T16:47:30.000,1.6,0,91,4,0,95,57,40,173,68,Saturday
379,2021-08-08,2021-08-07T23:29:00.000,2021-08-08T00:37:30.000,1.1,0,63,5,0,68,57,40,173,68,Sunday
378,2021-08-08,2021-08-08T02:54:30.000,2021-08-08T07:38:30.000,4.7,0,250,34,0,284,26,34,214,10,Sunday
377,2021-08-08,2021-08-08T14:49:00.000,2021-08-08T16:37:00.000,1.8,0,100,7,1,108,57,40,173,68,Sunday
376,2021-08-08,2021-08-08T20:19:00.000,2021-08-08T21:57:00.000,1.6,0,95,3,0,98,57,40,173,68,Sunday
375,2021-08-09,2021-08-09T03:02:30.000,2021-08-09T06:35:00.000,3.5,0,184,28,0,212,37,28,104,43,Monday
374,2021-08-09,2021-08-09T14:21:00.000,2021-08-09T16:34:30.000,2.2,0,126,7,0,133,57,40,173,68,Monday
372,2021-08-10,2021-08-10T12:55:30.000,2021-08-10T15:54:00.000,3.0,0,160,18,0,178,57,40,173,68,Tuesday
373,2021-08-10,2021-08-09T23:17:30.000,2021-08-10T05:46:30.000,6.5,0,346,43,0,389,83,43,219,44,Tuesday
370,2021-08-11,2021-08-11T15:12:00.000,2021-08-11T17:12:00.000,2.0,0,119,1,0,120,57,40,173,68,Wednesday
371,2021-08-11,2021-08-11T01:17:00.000,2021-08-11T05:44:00.000,4.4,0,245,22,0,267,40,22,152,53,Wednesday
369,2021-08-12,2021-08-11T22:23:00.000,2021-08-12T04:21:00.000,6.0,0,326,32,0,358,65,32,198,63,Thursday
367,2021-08-13,2021-08-13T14:54:00.000,2021-08-13T17:07:00.000,2.2,0,125,8,0,133,57,40,173,68,Friday
368,2021-08-13,2021-08-13T01:00:00.000,2021-08-13T05:44:30.000,4.7,0,260,24,0,284,53,24,145,62,Friday
366,2021-08-14,2021-08-13T23:18:00.000,2021-08-14T05:44:30.000,6.4,0,345,41,0,386,54,41,190,101,Saturday
365,2021-08-15,2021-08-14T23:12:30.000,2021-08-15T06:04:00.000,6.8,0,364,47,0,411,74,47,202,88,Sunday
364,2021-08-15,2021-08-15T12:53:00.000,2021-08-15T15:01:00.000,2.1,0,118,6,4,128,57,40,173,68,Sunday
608,2021-08-15,2021-08-15T12:53:00.000,2021-08-15T15:01:00.000,2.1,0,118,6,4,128,57,40,173,68,Sunday
609,2021-08-15,2021-08-14T23:12:30.000,2021-08-15T06:04:00.000,6.8,0,364,47,0,411,74,47,202,88,Sunday
607,2021-08-16,2021-08-15T23:47:30.000,2021-08-16T05:24:30.000,5.6,0,296,41,0,337,72,41,173,51,Monday
606,2021-08-17,2021-08-16T19:45:30.000,2021-08-17T05:47:00.000,10.0,0,521,80,0,601,114,80,324,83,Tuesday
605,2021-08-18,2021-08-18T03:43:00.000,2021-08-18T09:24:00.000,5.7,0,290,51,0,341,59,51,155,76,Wednesday
604,2021-08-19,2021-08-19T02:05:30.000,2021-08-19T08:25:00.000,6.3,0,350,29,1,379,59,29,226,65,Thursday
603,2021-08-19,2021-08-19T16:47:00.000,2021-08-19T19:30:30.000,2.7,0,153,10,0,163,57,40,173,68,Thursday
602,2021-08-20,2021-08-20T00:12:00.000,2021-08-20T08:53:00.000,8.7,0,455,66,10,521,63,66,306,86,Friday
601,2021-08-21,2021-08-21T00:53:00.000,2021-08-21T11:08:00.000,10.2,0,526,89,0,615,125,89,283,118,Saturday
600,2021-08-22,2021-08-22T01:28:30.000,2021-08-22T09:53:00.000,8.4,0,441,63,0,504,70,63,317,54,Sunday
599,2021-08-22,2021-08-22T19:41:30.000,2021-08-22T21:28:00.000,1.8,0,101,4,1,106,57,40,173,68,Sunday
598,2021-08-23,2021-08-23T01:40:00.000,2021-08-23T09:42:30.000,8.0,0,428,54,0,482,65,54,279,84,Monday
597,2021-08-24,2021-08-24T02:26:00.000,2021-08-24T11:24:00.000,9.0,0,472,66,0,538,95,66,259,118,Tuesday
596,2021-08-25,2021-08-25T02:25:00.000,2021-08-25T10:05:30.000,7.7,0,393,67,0,460,49,67,278,66,Wednesday
595,2021-08-26,2021-08-26T01:37:00.000,2021-08-26T09:08:00.000,7.5,0,385,66,1,451,78,66,223,84,Thursday
594,2021-08-27,2021-08-27T00:59:00.000,2021-08-27T08:37:00.000,7.6,0,393,65,4,458,66,65,245,82,Friday
592,2021-08-28,2021-08-28T15:21:30.000,2021-08-28T17:22:30.000,2.0,0,110,11,0,121,57,40,173,68,Saturday
593,2021-08-28,2021-08-28T01:14:00.000,2021-08-28T08:54:00.000,7.7,0,396,64,6,460,52,64,235,109,Saturday
591,2021-08-29,2021-08-28T23:03:00.000,2021-08-29T08:21:00.000,9.3,0,484,74,5,558,95,74,307,82,Sunday
590,2021-08-30,2021-08-30T01:06:30.000,2021-08-30T09:17:00.000,8.2,0,435,55,0,490,51,55,300,84,Monday
589,2021-08-31,2021-08-31T01:26:30.000,2021-08-31T08:23:00.000,6.9,0,369,47,0,416,95,47,194,80,Tuesday
588,2021-09-01,2021-08-31T23:53:30.000,2021-09-01T07:36:30.000,7.7,0,396,67,0,463,80,67,237,79,Wednesday
587,2021-09-02,2021-09-01T23:09:00.000,2021-09-02T06:42:30.000,7.6,0,386,67,5,453,66,67,255,65,Thursday
586,2021-09-03,2021-09-03T01:15:30.000,2021-09-03T08:18:00.000,7.0,0,374,48,5,422,57,48,236,81,Friday
585,2021-09-04,2021-09-03T23:56:30.000,2021-09-04T08:48:00.000,8.8,0,463,68,0,531,80,68,297,86,Saturday
584,2021-09-05,2021-09-05T00:56:30.000,2021-09-05T08:17:00.000,7.3,0,386,54,5,440,85,54,222,79,Sunday
583,2021-09-05,2021-09-05T15:04:30.000,2021-09-05T17:09:30.000,2.1,0,108,17,0,125,57,40,173,68,Sunday
582,2021-09-06,2021-09-05T22:53:00.000,2021-09-06T06:29:30.000,7.6,0,395,61,0,456,68,61,248,79,Monday
581,2021-09-07,2021-09-06T23:40:00.000,2021-09-07T08:04:30.000,8.4,0,444,60,3,504,92,60,252,100,Tuesday
580,2021-09-08,2021-09-07T23:29:00.000,2021-09-08T08:15:30.000,8.8,0,468,58,5,526,87,58,307,74,Wednesday
579,2021-09-09,2021-09-08T23:49:30.000,2021-09-09T08:59:00.000,9.2,0,497,52,4,549,96,52,312,89,Thursday
578,2021-09-10,2021-09-09T23:32:00.000,2021-09-10T05:14:30.000,5.7,0,282,60,0,342,70,60,174,38,Friday
577,2021-09-11,2021-09-10T23:42:00.000,2021-09-11T08:36:00.000,8.9,0,459,75,5,534,73,75,367,19,Saturday
576,2021-09-13,2021-09-13T00:15:00.000,2021-09-13T09:55:00.000,9.7,0,477,103,0,580,51,103,354,72,Monday
644,2021-09-14,2021-09-13T21:58:00.000,2021-09-14T07:38:00.000,9.7,0,510,70,0,580,100,70,310,100,Tuesday
575,2021-09-14,2021-09-13T21:58:00.000,2021-09-14T07:38:00.000,9.7,0,510,70,0,580,100,70,310,100,Tuesday
643,2021-09-15,2021-09-14T23:03:00.000,2021-09-15T08:22:00.000,9.3,0,499,60,0,559,77,60,333,89,Wednesday
642,2021-09-16,2021-09-15T22:17:30.000,2021-09-16T08:50:30.000,10.6,0,551,82,0,633,127,82,261,163,Thursday
641,2021-09-17,2021-09-16T23:58:30.000,2021-09-17T09:43:00.000,9.7,0,519,65,0,584,140,65,216,163,Friday
640,2021-09-18,2021-09-17T23:14:00.000,2021-09-18T08:51:00.000,9.6,0,478,99,1,577,66,99,316,96,Saturday
639,2021-09-19,2021-09-19T00:33:30.000,2021-09-19T09:40:30.000,9.1,0,472,75,0,547,79,75,282,111,Sunday
638,2021-09-20,2021-09-19T23:40:00.000,2021-09-20T09:35:30.000,9.9,0,524,71,0,595,95,71,343,86,Monday
637,2021-09-21,2021-09-21T01:04:30.000,2021-09-21T08:57:30.000,7.9,0,403,70,0,473,84,70,242,77,Tuesday
636,2021-09-21,2021-09-21T15:37:00.000,2021-09-21T17:11:30.000,1.6,0,83,11,0,94,57,40,173,68,Tuesday
635,2021-09-22,2021-09-21T23:43:00.000,2021-09-22T09:13:30.000,9.5,0,467,103,0,570,89,103,281,97,Wednesday
634,2021-09-23,2021-09-22T23:53:00.000,2021-09-23T09:51:30.000,10.0,0,502,96,0,598,66,96,369,67,Thursday
633,2021-09-24,2021-09-24T00:44:00.000,2021-09-24T09:17:00.000,8.6,0,468,45,0,513,86,45,266,116,Friday
632,2021-09-25,2021-09-25T01:03:30.000,2021-09-25T09:39:30.000,8.6,0,461,55,1,516,91,55,253,117,Saturday
631,2021-09-26,2021-09-26T00:06:00.000,2021-09-26T09:03:00.000,9.0,0,461,76,0,537,86,76,237,138,Sunday
630,2021-09-27,2021-09-27T01:00:00.000,2021-09-27T09:10:30.000,8.2,0,440,50,8,490,69,50,288,83,Monday
628,2021-09-28,2021-09-28T16:51:00.000,2021-09-28T18:47:00.000,1.9,0,102,10,4,116,57,40,173,68,Tuesday
629,2021-09-28,2021-09-28T01:30:00.000,2021-09-28T10:16:00.000,8.8,0,453,73,0,526,85,73,250,118,Tuesday
627,2021-09-29,2021-09-29T01:00:30.000,2021-09-29T08:37:30.000,7.6,0,379,78,4,457,76,78,229,74,Wednesday
626,2021-09-30,2021-09-30T00:53:00.000,2021-09-30T10:16:30.000,9.4,0,526,37,0,563,57,40,173,68,Thursday
625,2021-10-01,2021-10-01T01:21:00.000,2021-10-01T09:04:00.000,7.7,0,417,46,9,463,92,46,214,111,Friday
624,2021-10-02,2021-10-02T00:54:00.000,2021-10-02T09:03:00.000,8.2,0,440,49,8,489,91,49,228,121,Saturday
623,2021-10-02,2021-10-02T13:13:00.000,2021-10-02T14:32:30.000,1.3,0,69,10,0,79,57,40,173,68,Saturday
622,2021-10-03,2021-10-03T00:41:30.000,2021-10-03T08:31:00.000,7.8,0,419,50,0,469,91,50,225,103,Sunday
621,2021-10-04,2021-10-04T01:10:00.000,2021-10-04T09:05:30.000,7.9,0,423,52,3,475,83,52,197,143,Monday
620,2021-10-05,2021-10-05T00:07:30.000,2021-10-05T08:55:00.000,8.8,0,470,57,2,527,96,57,240,134,Tuesday
619,2021-10-06,2021-10-06T00:00:30.000,2021-10-06T06:25:30.000,6.4,0,330,55,0,385,93,55,165,72,Wednesday
618,2021-10-07,2021-10-07T00:00:30.000,2021-10-07T08:21:00.000,8.3,0,420,80,0,500,96,80,265,59,Thursday
617,2021-10-08,2021-10-07T23:40:00.000,2021-10-08T08:42:30.000,9.0,0,464,78,0,542,72,78,338,54,Friday
616,2021-10-09,2021-10-08T23:51:30.000,2021-10-09T07:47:00.000,7.9,0,413,62,0,475,87,62,204,122,Saturday
615,2021-10-10,2021-10-09T23:31:30.000,2021-10-10T05:32:30.000,6.0,0,302,59,0,361,51,59,175,76,Sunday
614,2021-10-11,2021-10-11T00:54:00.000,2021-10-11T05:47:00.000,4.9,0,246,47,0,293,73,47,157,16,Monday
613,2021-10-12,2021-10-11T22:29:00.000,2021-10-12T05:59:00.000,7.5,0,409,41,0,450,82,41,246,81,Tuesday
612,2021-10-12,2021-10-12T15:32:30.000,2021-10-12T17:20:30.000,1.8,0,103,5,0,108,57,40,173,68,Tuesday
611,2021-10-13,2021-10-12T23:34:30.000,2021-10-13T06:20:30.000,6.8,0,354,52,0,406,87,52,218,49,Wednesday
610,2021-10-14,2021-10-13T22:49:00.000,2021-10-14T07:06:00.000,8.3,0,423,74,0,497,108,74,265,50,Thursday
574,2021-10-14,2021-10-13T22:49:00.000,2021-10-14T07:06:00.000,8.3,0,423,74,0,497,108,74,265,50,Thursday
573,2021-10-15,2021-10-15T01:22:30.000,2021-10-15T07:46:30.000,6.4,0,330,54,0,384,50,54,207,73,Friday
572,2021-10-16,2021-10-15T23:35:30.000,2021-10-16T06:58:30.000,7.4,0,389,54,0,443,46,54,237,106,Saturday
571,2021-10-17,2021-10-16T23:25:30.000,2021-10-17T06:49:30.000,7.4,0,394,50,0,444,96,50,179,119,Sunday
570,2021-10-18,2021-10-17T22:44:30.000,2021-10-18T06:36:30.000,7.9,0,421,51,7,472,51,51,263,107,Monday
569,2021-10-20,2021-10-19T23:12:00.000,2021-10-20T06:16:00.000,7.1,0,363,61,0,424,61,61,258,44,Wednesday
568,2021-10-21,2021-10-20T23:57:30.000,2021-10-21T07:29:00.000,7.5,0,403,48,0,451,60,48,242,101,Thursday
567,2021-10-22,2021-10-22T00:10:30.000,2021-10-22T05:38:30.000,5.5,0,282,46,0,328,40,46,174,68,Friday
566,2021-10-24,2021-10-23T21:04:00.000,2021-10-24T05:04:30.000,8.0,0,423,57,1,480,130,57,189,104,Sunday
565,2021-10-25,2021-10-24T21:50:00.000,2021-10-25T04:59:00.000,7.2,0,398,31,0,429,91,31,216,91,Monday
564,2021-10-26,2021-10-25T21:49:30.000,2021-10-26T04:58:30.000,7.2,0,372,57,0,429,89,57,206,77,Tuesday
563,2021-11-02,2021-11-02T13:41:30.000,2021-11-02T15:05:00.000,1.4,0,78,5,0,83,57,40,173,68,Tuesday
562,2021-11-03,2021-11-02T23:07:00.000,2021-11-03T05:46:00.000,6.6,0,355,44,0,399,79,44,200,76,Wednesday
561,2021-11-03,2021-11-03T16:21:30.000,2021-11-03T17:33:30.000,1.2,0,71,1,0,72,57,40,173,68,Wednesday
560,2021-11-04,2021-11-03T23:01:00.000,2021-11-04T04:57:00.000,5.9,0,294,62,0,356,75,62,159,60,Thursday
559,2021-11-04,2021-11-04T08:49:00.000,2021-11-04T10:36:30.000,1.8,0,97,10,0,107,57,40,173,68,Thursday
558,2021-11-05,2021-11-04T22:47:00.000,2021-11-05T05:03:30.000,6.3,0,339,37,3,376,41,37,238,60,Friday
557,2021-11-06,2021-11-05T23:26:30.000,2021-11-06T05:31:00.000,6.1,0,329,35,2,364,60,35,193,76,Saturday
556,2021-11-06,2021-11-06T13:05:00.000,2021-11-06T14:33:30.000,1.5,0,85,3,0,88,57,40,173,68,Saturday
555,2021-11-07,2021-11-06T23:49:00.000,2021-11-07T05:16:30.000,5.4,0,261,66,2,327,38,66,183,40,Sunday
554,2021-11-08,2021-11-07T23:37:30.000,2021-11-08T07:47:30.000,8.2,0,449,41,4,490,105,41,180,164,Monday
553,2021-11-09,2021-11-09T04:09:30.000,2021-11-09T08:36:30.000,4.4,0,229,38,0,267,39,38,152,38,Tuesday
552,2021-11-10,2021-11-10T00:23:00.000,2021-11-10T08:08:00.000,7.8,0,416,49,0,465,82,49,272,62,Wednesday
551,2021-11-11,2021-11-11T00:20:30.000,2021-11-11T07:36:30.000,7.3,0,389,47,2,436,98,47,187,104,Thursday
550,2021-11-11,2021-11-11T12:06:30.000,2021-11-11T14:05:00.000,2.0,0,105,12,1,118,57,40,173,68,Thursday
363,2021-11-18,2021-11-18T00:28:30.000,2021-11-18T09:08:30.000,8.7,0,453,67,0,520,74,67,277,102,Thursday
362,2021-11-19,2021-11-19T00:29:30.000,2021-11-19T09:01:30.000,8.5,0,456,56,0,512,111,56,248,97,Friday
361,2021-11-19,2021-11-19T13:12:30.000,2021-11-19T14:25:00.000,1.2,0,66,3,3,72,57,40,173,68,Friday
360,2021-11-20,2021-11-20T00:27:00.000,2021-11-20T08:43:30.000,8.3,0,454,42,0,496,130,42,246,78,Saturday
359,2021-11-21,2021-11-21T01:31:00.000,2021-11-21T10:03:30.000,8.5,0,436,76,0,512,91,76,225,120,Sunday
358,2021-11-22,2021-11-22T00:25:30.000,2021-11-22T08:48:00.000,8.4,0,440,62,0,502,83,62,269,88,Monday
357,2021-11-23,2021-11-23T00:32:30.000,2021-11-23T09:04:30.000,8.5,0,441,71,0,512,56,71,290,95,Tuesday
356,2021-11-24,2021-11-24T00:56:30.000,2021-11-24T04:24:30.000,3.5,0,161,47,0,208,27,47,115,19,Wednesday
355,2021-11-24,2021-11-24T17:12:30.000,2021-11-24T18:47:30.000,1.6,0,87,2,6,95,57,40,173,68,Wednesday
354,2021-11-25,2021-11-24T23:21:00.000,2021-11-25T00:57:00.000,1.6,0,88,8,0,96,57,40,173,68,Thursday
353,2021-11-25,2021-11-25T04:24:30.000,2021-11-25T06:40:30.000,2.3,0,129,7,0,136,57,40,173,68,Thursday
351,2021-11-26,2021-11-26T03:41:00.000,2021-11-26T08:54:00.000,5.2,0,270,43,1,313,57,43,159,54,Friday
352,2021-11-26,2021-11-25T20:55:00.000,2021-11-26T01:37:30.000,4.7,0,261,21,0,282,53,21,148,60,Friday
350,2021-11-27,2021-11-26T23:03:00.000,2021-11-27T02:36:00.000,3.6,0,182,31,0,213,26,31,131,25,Saturday
349,2021-11-27,2021-11-27T15:28:00.000,2021-11-27T19:50:00.000,4.4,0,240,22,0,262,28,22,167,45,Saturday
348,2021-11-28,2021-11-28T06:38:00.000,2021-11-28T08:01:30.000,1.4,0,77,5,1,83,57,40,173,68,Sunday
347,2021-11-28,2021-11-28T17:48:30.000,2021-11-28T19:53:30.000,2.1,0,104,14,7,125,57,40,173,68,Sunday
346,2021-11-29,2021-11-28T23:27:30.000,2021-11-29T06:56:30.000,7.5,0,381,68,0,449,98,68,238,45,Monday
345,2021-11-30,2021-11-29T22:11:00.000,2021-11-30T07:33:00.000,9.4,0,488,74,0,562,97,74,271,120,Tuesday
344,2021-12-03,2021-12-02T21:05:00.000,2021-12-03T07:18:00.000,10.2,0,526,87,1,613,96,87,281,149,Friday
343,2021-12-04,2021-12-03T22:53:30.000,2021-12-04T07:14:30.000,8.4,0,443,58,0,501,78,58,292,73,Saturday
342,2021-12-05,2021-12-04T22:34:00.000,2021-12-05T07:26:00.000,8.9,0,460,72,0,532,83,72,273,104,Sunday
341,2021-12-06,2021-12-05T22:17:30.000,2021-12-06T07:58:00.000,9.7,0,517,63,0,580,75,63,319,123,Monday
340,2021-12-07,2021-12-06T23:29:30.000,2021-12-07T07:04:30.000,7.6,0,395,60,4,455,94,60,209,92,Tuesday
339,2021-12-08,2021-12-08T01:02:30.000,2021-12-08T08:41:30.000,7.6,0,404,55,0,459,73,55,180,151,Wednesday
338,2021-12-09,2021-12-09T00:10:30.000,2021-12-09T08:23:30.000,8.2,0,420,73,0,493,103,73,221,96,Thursday
337,2021-12-10,2021-12-10T00:00:30.000,2021-12-10T02:13:30.000,2.2,0,130,3,0,133,57,40,173,68,Friday
336,2021-12-12,2021-12-12T00:55:30.000,2021-12-12T07:10:30.000,6.2,0,335,40,0,375,63,40,175,97,Sunday
334,2021-12-13,2021-12-13T20:32:30.000,2021-12-13T23:57:30.000,3.4,0,180,25,0,205,32,25,80,68,Monday
501,2021-12-13,2021-12-13T20:32:30.000,2021-12-13T23:57:30.000,3.4,0,180,25,0,205,32,25,80,68,Monday
502,2021-12-13,2021-12-13T00:12:00.000,2021-12-13T08:41:30.000,8.5,0,447,62,0,509,62,62,295,90,Monday
335,2021-12-13,2021-12-13T00:12:00.000,2021-12-13T08:41:30.000,8.5,0,447,62,0,509,62,62,295,90,Monday
500,2021-12-14,2021-12-14T03:14:00.000,2021-12-14T09:47:00.000,6.6,0,347,46,6,393,60,46,185,102,Tuesday
499,2021-12-15,2021-12-15T00:09:00.000,2021-12-15T08:53:00.000,8.7,0,452,72,9,524,85,72,263,104,Wednesday
498,2021-12-16,2021-12-16T00:58:30.000,2021-12-16T08:19:00.000,7.3,0,391,49,5,440,65,49,248,78,Thursday
497,2021-12-17,2021-12-17T01:04:00.000,2021-12-17T09:02:00.000,8.0,0,427,51,0,478,117,51,216,94,Friday
495,2021-12-18,2021-12-18T16:28:00.000,2021-12-18T17:52:00.000,1.4,0,72,12,0,84,57,40,173,68,Saturday
496,2021-12-18,2021-12-18T01:53:00.000,2021-12-18T09:07:30.000,7.2,0,380,54,0,434,87,54,209,84,Saturday
494,2021-12-19,2021-12-18T23:35:00.000,2021-12-19T08:47:30.000,9.2,0,465,87,0,552,83,87,274,108,Sunday
493,2021-12-20,2021-12-20T01:33:30.000,2021-12-20T09:37:00.000,8.0,0,426,57,8,483,34,57,334,58,Monday
492,2021-12-21,2021-12-21T01:36:00.000,2021-12-21T08:55:30.000,7.3,0,384,55,0,439,84,55,215,85,Tuesday
491,2021-12-22,2021-12-22T01:27:00.000,2021-12-22T09:10:00.000,7.7,0,393,70,0,463,67,70,247,79,Wednesday
490,2021-12-22,2021-12-22T17:51:00.000,2021-12-22T19:14:00.000,1.4,0,74,9,0,83,57,40,173,68,Wednesday
489,2021-12-23,2021-12-23T01:40:30.000,2021-12-23T09:06:30.000,7.4,0,400,46,0,446,81,46,250,69,Thursday
488,2021-12-24,2021-12-24T01:43:00.000,2021-12-24T09:31:00.000,7.8,0,411,57,0,468,53,57,244,114,Friday
487,2021-12-25,2021-12-25T01:03:00.000,2021-12-25T08:49:30.000,7.8,0,408,58,0,466,65,58,233,110,Saturday
486,2021-12-26,2021-12-26T00:20:00.000,2021-12-26T09:11:30.000,8.8,0,462,69,0,531,70,69,303,89,Sunday
485,2021-12-27,2021-12-27T01:04:30.000,2021-12-27T09:13:30.000,8.2,0,443,46,1,489,78,46,210,155,Monday
484,2021-12-31,2021-12-31T00:56:30.000,2021-12-31T09:28:30.000,8.5,0,446,66,0,512,104,66,239,103,Friday
483,2022-01-01,2021-12-31T23:56:00.000,2022-01-01T08:57:30.000,9.0,0,475,66,0,541,103,66,249,123,Saturday
482,2022-01-02,2022-01-02T01:26:00.000,2022-01-02T08:58:30.000,7.5,0,405,47,0,452,73,47,251,81,Sunday
481,2022-01-03,2022-01-03T00:34:00.000,2022-01-03T08:26:00.000,7.9,0,424,48,0,472,67,48,239,118,Monday
480,2022-01-04,2022-01-04T00:21:00.000,2022-01-04T09:17:00.000,8.9,0,458,78,0,536,96,78,244,118,Tuesday
479,2022-01-04,2022-01-04T16:45:00.000,2022-01-04T17:53:30.000,1.1,0,58,10,0,68,57,40,173,68,Tuesday
478,2022-01-05,2022-01-05T01:55:00.000,2022-01-05T07:59:30.000,6.1,0,313,51,0,364,56,51,198,59,Wednesday
477,2022-01-06,2022-01-06T00:41:00.000,2022-01-06T08:42:30.000,8.0,0,428,53,11,481,100,53,187,141,Thursday
476,2022-01-08,2022-01-08T00:39:30.000,2022-01-08T09:06:00.000,8.4,0,443,63,0,506,114,63,239,90,Saturday
475,2022-01-09,2022-01-09T01:21:00.000,2022-01-09T08:33:00.000,7.2,0,381,51,1,432,74,51,265,42,Sunday
474,2022-01-10,2022-01-10T01:18:00.000,2022-01-10T07:08:00.000,5.8,0,283,67,3,350,26,67,234,23,Monday
473,2022-01-11,2022-01-11T01:37:00.000,2022-01-11T08:20:30.000,6.7,0,357,46,0,403,55,46,220,82,Tuesday
195,2022-01-12,2022-01-12T18:03:00.000,2022-01-12T19:20:30.000,1.3,0,67,7,3,77,57,40,173,68,Wednesday
196,2022-01-12,2022-01-12T01:20:00.000,2022-01-12T06:44:30.000,5.4,0,289,35,0,324,33,35,218,38,Wednesday
471,2022-01-12,2022-01-12T18:03:00.000,2022-01-12T19:20:30.000,1.3,0,67,7,3,77,57,40,173,68,Wednesday
472,2022-01-12,2022-01-12T01:20:00.000,2022-01-12T06:44:30.000,5.4,0,289,35,0,324,33,35,218,38,Wednesday
194,2022-01-13,2022-01-13T01:23:30.000,2022-01-13T08:05:00.000,6.7,0,367,34,5,401,61,34,202,104,Thursday
193,2022-01-14,2022-01-14T00:53:00.000,2022-01-14T08:36:30.000,7.7,0,417,46,0,463,69,46,245,103,Friday
191,2022-01-15,2022-01-15T15:57:00.000,2022-01-15T18:25:30.000,2.5,0,141,7,0,148,57,40,173,68,Saturday
192,2022-01-15,2022-01-15T00:28:30.000,2022-01-15T07:36:30.000,7.1,0,362,66,0,428,59,66,253,50,Saturday
190,2022-01-16,2022-01-16T01:25:30.000,2022-01-16T08:52:30.000,7.4,0,392,55,0,447,71,55,205,116,Sunday
189,2022-01-17,2022-01-17T01:16:00.000,2022-01-17T08:31:00.000,7.2,0,403,32,0,435,65,32,240,98,Monday
188,2022-01-18,2022-01-18T01:14:30.000,2022-01-18T08:28:30.000,7.2,0,398,36,0,434,107,36,191,100,Tuesday
187,2022-01-19,2022-01-19T00:00:00.000,2022-01-19T07:30:30.000,7.5,0,403,47,0,450,75,47,235,93,Wednesday
186,2022-01-20,2022-01-20T00:39:00.000,2022-01-20T08:06:30.000,7.4,0,400,47,7,447,47,47,243,110,Thursday
185,2022-01-21,2022-01-20T22:21:30.000,2022-01-21T04:44:30.000,6.4,0,334,49,0,383,38,49,194,102,Friday
184,2022-01-23,2022-01-23T00:13:30.000,2022-01-23T08:09:00.000,7.9,0,410,65,10,475,84,65,207,119,Sunday
183,2022-01-24,2022-01-23T22:53:00.000,2022-01-24T04:56:30.000,6.0,0,323,40,4,363,56,40,201,66,Monday
182,2022-01-25,2022-01-24T22:04:30.000,2022-01-25T05:02:00.000,7.0,0,372,45,17,417,47,45,252,73,Tuesday
181,2022-01-26,2022-01-25T22:41:00.000,2022-01-26T05:01:30.000,6.3,0,337,43,1,380,55,43,196,86,Wednesday
180,2022-01-27,2022-01-26T21:42:00.000,2022-01-27T04:53:00.000,7.2,0,384,47,1,431,104,47,175,105,Thursday
423,2022-03-05,2022-03-05T00:19:00.000,2022-03-05T07:47:30.000,7.5,0,396,52,0,448,116,52,177,103,Saturday
421,2022-03-06,2022-03-06T12:36:30.000,2022-03-06T14:04:00.000,1.4,0,81,6,0,87,57,40,173,68,Sunday
422,2022-03-06,2022-03-06T01:38:30.000,2022-03-06T08:15:00.000,6.6,0,357,39,5,396,37,39,254,66,Sunday
420,2022-03-07,2022-03-06T23:58:30.000,2022-03-07T01:42:30.000,1.7,0,95,9,0,104,57,40,173,68,Monday
419,2022-03-09,2022-03-08T23:08:30.000,2022-03-09T06:09:00.000,7.0,0,377,43,0,420,59,43,223,95,Wednesday
418,2022-03-10,2022-03-09T22:40:30.000,2022-03-10T06:05:00.000,7.4,0,388,56,0,444,63,56,204,121,Thursday
417,2022-03-11,2022-03-10T22:39:00.000,2022-03-11T06:24:00.000,7.8,0,395,70,1,465,79,70,213,103,Friday
416,2022-03-12,2022-03-12T00:12:00.000,2022-03-12T07:32:30.000,7.3,0,400,40,0,440,98,40,222,80,Saturday
145,2022-03-13,2022-03-13T00:08:30.000,2022-03-13T09:14:30.000,9.1,0,430,56,2,546,104,56,210,116,Sunday
415,2022-03-13,2022-03-13T00:08:30.000,2022-03-13T09:14:30.000,9.1,0,430,56,2,546,104,56,210,116,Sunday
144,2022-03-14,2022-03-14T17:55:30.000,2022-03-14T19:28:00.000,1.5,0,82,6,4,92,57,40,173,68,Monday
143,2022-03-15,2022-03-15T00:00:30.000,2022-03-15T06:22:00.000,6.4,0,340,41,2,381,80,41,184,76,Tuesday
142,2022-03-16,2022-03-15T23:20:00.000,2022-03-16T05:26:30.000,6.1,0,336,30,0,366,70,30,179,87,Wednesday
141,2022-03-17,2022-03-16T23:17:30.000,2022-03-17T06:51:30.000,7.6,0,402,52,5,454,88,52,227,87,Thursday
139,2022-03-18,2022-03-18T06:07:30.000,2022-03-18T07:17:30.000,1.2,0,62,8,0,70,57,40,173,68,Friday
140,2022-03-18,2022-03-18T00:22:00.000,2022-03-18T04:59:00.000,4.6,0,239,38,0,277,43,38,146,50,Friday
138,2022-03-19,2022-03-18T22:06:30.000,2022-03-19T07:41:30.000,9.6,0,520,55,4,575,119,55,268,133,Saturday
137,2022-03-20,2022-03-20T00:35:30.000,2022-03-20T08:43:00.000,8.1,0,421,66,5,487,89,66,229,103,Sunday
136,2022-03-22,2022-03-22T00:05:00.000,2022-03-22T06:48:00.000,6.7,0,363,40,8,403,71,40,196,96,Tuesday
135,2022-03-23,2022-03-22T23:10:00.000,2022-03-23T06:36:00.000,7.4,0,401,45,3,446,94,45,204,103,Wednesday
134,2022-03-24,2022-03-24T01:16:30.000,2022-03-24T07:17:30.000,6.0,0,324,37,1,361,60,37,150,114,Thursday
133,2022-03-24,2022-03-24T17:06:30.000,2022-03-24T19:26:00.000,2.3,0,131,8,0,139,57,40,173,68,Thursday
132,2022-03-25,2022-03-25T00:30:30.000,2022-03-25T07:22:00.000,6.8,0,353,58,0,411,74,58,208,71,Friday
131,2022-04-02,2022-04-02T00:30:30.000,2022-04-02T05:15:00.000,4.7,0,246,38,0,284,42,38,158,46,Saturday
130,2022-04-03,2022-04-02T23:15:00.000,2022-04-03T08:48:00.000,9.6,0,484,89,7,573,100,89,274,110,Sunday
129,2022-04-04,2022-04-03T22:37:00.000,2022-04-04T04:53:00.000,6.3,0,337,39,1,376,83,39,164,90,Monday
128,2022-04-08,2022-04-07T22:46:00.000,2022-04-08T04:53:30.000,6.1,0,339,28,9,367,81,28,165,93,Friday
127,2022-04-09,2022-04-08T21:38:30.000,2022-04-09T09:04:00.000,11.4,0,571,114,0,685,146,114,290,135,Saturday
126,2022-04-10,2022-04-10T00:40:30.000,2022-04-10T08:53:00.000,8.2,0,397,95,0,492,47,95,283,67,Sunday
125,2022-04-11,2022-04-10T22:23:00.000,2022-04-11T04:35:30.000,6.2,0,335,37,1,372,64,37,183,88,Monday
124,2022-04-12,2022-04-11T21:50:30.000,2022-04-12T04:33:00.000,6.7,0,358,44,0,402,40,44,249,69,Tuesday
283,2022-04-12,2022-04-11T21:50:30.000,2022-04-12T04:33:00.000,6.7,0,358,44,0,402,40,44,249,69,Tuesday
282,2022-04-13,2022-04-12T21:41:00.000,2022-04-13T04:30:00.000,6.8,0,372,37,0,409,54,37,243,75,Wednesday
281,2022-04-14,2022-04-13T22:23:00.000,2022-04-14T06:20:30.000,8.0,0,397,80,0,477,96,80,215,86,Thursday
280,2022-04-15,2022-04-14T22:54:00.000,2022-04-15T07:56:00.000,9.0,0,454,88,0,542,53,88,297,104,Friday
278,2022-04-17,2022-04-17T16:13:30.000,2022-04-17T18:54:30.000,2.7,0,146,12,3,161,57,40,173,68,Sunday
279,2022-04-17,2022-04-17T03:10:00.000,2022-04-17T09:18:00.000,6.1,0,332,36,5,368,63,36,187,82,Sunday
277,2022-04-18,2022-04-17T23:24:30.000,2022-04-18T07:53:00.000,8.5,0,420,88,0,508,73,88,267,80,Monday
276,2022-04-19,2022-04-18T22:04:00.000,2022-04-19T06:08:30.000,8.1,0,404,80,0,484,72,80,283,49,Tuesday
274,2022-04-20,2022-04-20T17:31:30.000,2022-04-20T18:50:30.000,1.3,0,79,0,0,79,57,40,173,68,Wednesday
275,2022-04-20,2022-04-19T21:56:30.000,2022-04-20T06:15:00.000,8.3,0,410,88,11,498,67,88,254,89,Wednesday
273,2022-04-21,2022-04-20T22:41:00.000,2022-04-21T06:11:30.000,7.5,0,371,79,0,450,76,79,208,87,Thursday
272,2022-04-22,2022-04-21T22:09:30.000,2022-04-22T06:17:30.000,8.1,0,411,77,6,488,64,77,263,84,Friday
271,2022-04-29,2022-04-28T22:33:30.000,2022-04-29T05:59:30.000,7.4,0,365,81,0,446,44,81,259,62,Friday
270,2022-04-30,2022-04-29T23:36:30.000,2022-04-30T03:47:30.000,4.2,0,223,28,0,251,42,28,147,34,Saturday
269,2022-04-30,2022-04-30T05:01:30.000,2022-04-30T09:38:00.000,4.6,0,243,33,0,276,34,33,141,68,Saturday
268,2022-04-30,2022-04-30T17:57:00.000,2022-04-30T20:18:30.000,2.4,0,124,17,0,141,57,40,173,68,Saturday
267,2022-05-01,2022-05-01T00:24:00.000,2022-05-01T03:39:30.000,3.2,0,188,5,2,195,57,40,173,68,Sunday
266,2022-05-01,2022-05-01T04:56:00.000,2022-05-01T08:51:30.000,3.9,0,201,34,0,235,37,34,144,20,Sunday
265,2022-05-02,2022-05-02T01:43:00.000,2022-05-02T06:51:00.000,5.1,0,275,33,0,308,54,33,172,49,Monday
264,2022-05-03,2022-05-02T23:55:00.000,2022-05-03T06:05:00.000,6.2,0,337,33,0,370,46,33,205,86,Tuesday
263,2022-05-04,2022-05-03T22:54:00.000,2022-05-04T05:36:00.000,6.7,0,308,94,0,402,65,94,192,51,Wednesday
262,2022-05-05,2022-05-04T23:51:00.000,2022-05-05T07:29:30.000,7.6,0,410,48,2,458,73,48,212,125,Thursday
261,2022-05-06,2022-05-05T22:19:00.000,2022-05-06T07:23:30.000,9.1,0,490,54,0,544,60,54,296,134,Friday
260,2022-05-07,2022-05-07T01:08:30.000,2022-05-07T09:27:00.000,8.3,0,443,55,0,498,60,55,261,122,Saturday
259,2022-05-08,2022-05-08T00:45:30.000,2022-05-08T08:31:00.000,7.8,0,426,39,0,465,71,39,226,129,Sunday
258,2022-05-10,2022-05-09T23:24:30.000,2022-05-10T06:13:30.000,6.8,0,363,46,10,409,93,46,196,74,Tuesday
257,2022-05-11,2022-05-10T22:20:00.000,2022-05-11T06:17:00.000,8.0,0,423,54,0,477,80,54,254,89,Wednesday
256,2022-05-12,2022-05-11T23:11:30.000,2022-05-12T05:56:00.000,6.7,0,377,27,0,404,83,27,168,126,Thursday
333,2022-05-12,2022-05-11T23:11:30.000,2022-05-12T05:56:00.000,6.7,0,377,27,0,404,83,27,168,126,Thursday
331,2022-05-13,2022-05-13T18:27:00.000,2022-05-13T21:35:00.000,3.1,0,173,15,0,188,32,15,104,37,Friday
332,2022-05-13,2022-05-12T22:41:00.000,2022-05-13T06:00:00.000,7.3,0,407,32,0,439,108,32,183,116,Friday
329,2022-05-14,2022-05-14T14:04:00.000,2022-05-14T16:02:30.000,2.0,0,118,0,0,118,57,40,173,68,Saturday
330,2022-05-14,2022-05-14T01:04:00.000,2022-05-14T06:07:30.000,5.0,0,274,29,2,303,47,29,158,69,Saturday
328,2022-05-16,2022-05-15T23:04:30.000,2022-05-16T06:09:30.000,7.1,0,387,38,8,425,79,38,202,106,Monday
327,2022-05-17,2022-05-16T23:36:00.000,2022-05-17T06:10:30.000,6.6,0,359,35,10,394,81,35,178,100,Tuesday
326,2022-05-18,2022-05-17T22:48:00.000,2022-05-18T05:45:30.000,7.0,0,387,30,3,417,97,30,161,129,Wednesday
325,2022-05-19,2022-05-18T22:45:00.000,2022-05-19T06:03:30.000,7.3,0,386,52,7,438,82,52,219,85,Thursday
324,2022-05-20,2022-05-19T22:10:00.000,2022-05-20T06:09:00.000,8.0,0,429,50,0,479,48,50,238,143,Friday
323,2022-05-23,2022-05-23T01:12:30.000,2022-05-23T08:38:00.000,7.4,0,383,62,0,445,59,62,238,86,Monday
322,2022-05-24,2022-05-23T22:57:00.000,2022-05-24T06:01:30.000,7.1,0,384,40,0,424,104,40,201,79,Tuesday
321,2022-05-25,2022-05-24T23:23:00.000,2022-05-25T05:57:30.000,6.6,0,363,31,0,394,54,31,216,93,Wednesday
320,2022-05-26,2022-05-25T22:38:00.000,2022-05-26T06:05:00.000,7.4,0,412,35,10,447,93,35,213,106,Thursday
319,2022-05-27,2022-05-26T22:50:00.000,2022-05-27T05:58:30.000,7.1,0,387,41,1,428,72,41,211,104,Friday
318,2022-05-28,2022-05-27T22:07:00.000,2022-05-28T07:46:00.000,9.6,0,498,81,0,579,113,81,268,117,Saturday
317,2022-05-28,2022-05-28T19:22:30.000,2022-05-28T20:27:30.000,1.1,0,57,8,0,65,57,40,173,68,Saturday
316,2022-06-10,2022-06-09T22:56:30.000,2022-06-10T05:57:00.000,7.0,0,386,34,4,420,68,34,212,106,Friday
315,2022-06-11,2022-06-11T00:07:30.000,2022-06-11T09:01:30.000,8.9,0,459,75,1,534,107,75,265,87,Saturday
19,2022-06-11,2022-06-11T00:07:30.000,2022-06-11T09:01:30.000,8.9,0,459,75,1,534,107,75,265,87,Saturday
18,2022-06-12,2022-06-12T00:56:00.000,2022-06-12T08:45:30.000,7.8,0,427,42,1,469,83,42,238,106,Sunday
17,2022-06-14,2022-06-13T23:23:00.000,2022-06-14T06:01:30.000,6.6,0,368,30,6,398,43,30,216,109,Tuesday
16,2022-06-14,2022-06-14T14:57:30.000,2022-06-14T16:32:00.000,1.6,0,86,5,3,94,57,40,173,68,Tuesday
15,2022-06-15,2022-06-15T00:15:00.000,2022-06-15T05:59:30.000,5.7,0,282,62,4,344,54,62,192,36,Wednesday
14,2022-06-16,2022-06-15T22:13:00.000,2022-06-16T05:58:00.000,7.8,0,426,39,1,465,65,39,242,119,Thursday
13,2022-06-17,2022-06-16T22:08:00.000,2022-06-17T05:49:00.000,7.7,0,413,48,0,461,94,48,220,99,Friday
12,2022-06-19,2022-06-19T01:44:30.000,2022-06-19T08:34:30.000,6.8,0,377,33,3,410,85,33,147,145,Sunday
11,2022-06-22,2022-06-21T21:35:00.000,2022-06-22T05:55:00.000,8.3,0,455,45,0,500,125,45,240,90,Wednesday
10,2022-06-23,2022-06-22T23:09:30.000,2022-06-23T05:56:30.000,6.8,0,363,44,0,407,68,44,198,97,Thursday
9,2022-06-24,2022-06-23T22:04:30.000,2022-06-24T06:01:30.000,8.0,0,432,45,7,477,92,45,215,125,Friday
8,2022-06-25,2022-06-24T23:14:00.000,2022-06-25T07:06:30.000,7.9,0,432,40,0,472,90,40,204,138,Saturday
7,2022-06-28,2022-06-28T00:30:00.000,2022-06-28T07:23:30.000,6.9,0,372,41,0,413,80,41,200,92,Tuesday
6,2022-06-29,2022-06-29T00:06:30.000,2022-06-29T07:19:30.000,7.2,0,388,45,1,433,72,45,215,101,Wednesday
5,2022-07-01,2022-07-01T01:37:30.000,2022-07-01T08:59:30.000,7.4,0,385,57,8,442,45,57,248,92,Friday
4,2022-07-02,2022-07-02T00:00:30.000,2022-07-02T07:04:30.000,7.1,0,378,46,0,424,80,46,190,108,Saturday
3,2022-07-04,2022-07-04T10:13:30.000,2022-07-04T11:26:30.000,1.2,0,73,0,0,73,57,40,173,68,Monday
2,2022-07-05,2022-07-04T23:59:00.000,2022-07-05T07:30:30.000,7.5,0,420,31,0,451,79,31,237,104,Tuesday
1,2022-07-10,2022-07-10T00:04:30.000,2022-07-10T09:16:00.000,9.2,0,487,64,0,551,90,64,228,169,Sunday
0,2022-07-11,2022-07-10T23:55:30.000,2022-07-11T07:46:30.000,7.8,0,425,46,1,471,65,46,249,111,Monday
100,2022-07-11,2022-07-10T23:55:30.000,2022-07-11T07:46:30.000,7.8,0,425,46,1,471,65,46,249,111,Monday
99,2022-07-12,2022-07-12T00:35:30.000,2022-07-12T07:45:00.000,7.2,0,389,40,0,429,57,40,230,102,Tuesday
98,2022-07-13,2022-07-12T23:29:30.000,2022-07-13T07:38:00.000,8.1,0,434,54,0,488,80,54,244,110,Wednesday
97,2022-07-14,2022-07-14T00:25:30.000,2022-07-14T06:47:00.000,6.4,0,345,36,1,381,80,36,186,79,Thursday
96,2022-07-14,2022-07-14T15:29:00.000,2022-07-14T17:25:30.000,1.9,0,106,10,0,116,57,40,173,68,Thursday
95,2022-07-15,2022-07-15T01:21:00.000,2022-07-15T07:59:00.000,6.6,0,343,55,14,398,112,55,149,82,Friday
94,2022-07-16,2022-07-16T00:35:00.000,2022-07-16T07:18:30.000,6.7,0,368,35,0,403,61,35,198,109,Saturday
93,2022-07-16,2022-07-16T11:43:00.000,2022-07-16T13:31:30.000,1.8,0,96,12,0,108,57,40,173,68,Saturday
92,2022-07-19,2022-07-19T00:17:00.000,2022-07-19T07:39:30.000,7.4,0,390,52,0,442,69,52,196,125,Tuesday
90,2022-07-20,2022-07-20T18:29:30.000,2022-07-20T20:27:00.000,2.0,0,101,16,0,117,57,40,173,68,Wednesday
91,2022-07-20,2022-07-20T00:47:30.000,2022-07-20T07:47:30.000,7.0,0,382,38,3,420,55,38,234,93,Wednesday
89,2022-07-21,2022-07-21T01:52:00.000,2022-07-21T07:46:00.000,5.9,0,321,33,0,354,69,33,150,102,Thursday
88,2022-07-22,2022-07-22T00:50:00.000,2022-07-22T08:38:00.000,7.8,0,428,40,0,468,70,40,232,126,Friday
87,2022-07-23,2022-07-23T00:43:00.000,2022-07-23T08:49:30.000,8.1,0,436,50,2,486,88,50,238,110,Saturday
86,2022-07-25,2022-07-25T00:55:00.000,2022-07-25T07:53:00.000,7.0,0,376,42,6,418,59,42,230,87,Monday
85,2022-07-26,2022-07-25T23:49:00.000,2022-07-26T07:48:30.000,8.0,0,418,61,1,479,99,61,252,67,Tuesday
84,2022-07-27,2022-07-27T00:13:00.000,2022-07-27T07:47:30.000,7.6,0,403,51,1,454,48,51,287,68,Wednesday
83,2022-07-28,2022-07-28T00:09:30.000,2022-07-28T07:40:00.000,7.5,0,400,50,0,450,98,50,198,104,Thursday
82,2022-07-29,2022-07-29T00:25:00.000,2022-07-29T07:42:30.000,7.3,0,403,34,0,437,86,34,192,125,Friday
81,2022-07-31,2022-07-31T00:32:00.000,2022-07-31T08:03:00.000,7.5,0,410,41,0,451,71,41,269,70,Sunday
79,2022-08-01,2022-08-01T17:09:00.000,2022-08-01T18:22:00.000,1.2,0,68,3,2,73,57,40,173,68,Monday
80,2022-08-01,2022-08-01T00:49:30.000,2022-08-01T11:31:30.000,10.7,0,606,36,0,642,57,40,173,68,Monday
78,2022-08-02,2022-08-02T00:56:30.000,2022-08-02T08:21:30.000,7.4,0,350,95,22,445,30,95,263,57,Tuesday
77,2022-08-03,2022-08-03T00:40:00.000,2022-08-03T07:53:00.000,7.2,0,385,48,2,433,67,48,212,106,Wednesday
76,2022-08-04,2022-08-04T00:11:30.000,2022-08-04T07:40:30.000,7.5,0,410,39,7,449,69,39,232,109,Thursday
215,2022-11-08,2022-11-07T22:22:00.000,2022-11-08T07:55:00.000,9.6,0,499,74,1,573,121,74,231,147,Tuesday
216,2022-11-08,2022-11-07T22:22:00.000,2022-11-08T07:55:00.000,9.6,0,499,74,1,573,121,74,231,147,Tuesday
214,2022-11-09,2022-11-08T22:09:30.000,2022-11-09T01:37:00.000,3.4,0,193,14,0,207,41,14,76,76,Wednesday
213,2022-11-09,2022-11-09T04:44:00.000,2022-11-09T06:15:00.000,1.5,0,80,8,3,91,57,40,173,68,Wednesday
211,2022-11-10,2022-11-10T14:22:30.000,2022-11-10T15:29:30.000,1.1,0,62,4,1,67,57,40,173,68,Thursday
212,2022-11-10,2022-11-09T22:13:30.000,2022-11-10T06:13:30.000,8.0,0,442,38,4,480,70,38,215,157,Thursday
210,2022-11-11,2022-11-11T00:41:00.000,2022-11-11T08:13:00.000,7.5,0,391,61,9,452,89,61,202,100,Friday
209,2022-11-12,2022-11-11T22:21:00.000,2022-11-12T03:55:30.000,5.6,0,308,26,0,334,64,26,157,87,Saturday
208,2022-11-13,2022-11-13T04:44:00.000,2022-11-13T10:11:30.000,5.4,0,295,32,5,327,52,32,122,121,Sunday
207,2022-11-14,2022-11-13T23:07:00.000,2022-11-14T06:06:30.000,7.0,0,373,46,1,419,66,46,236,71,Monday
206,2022-11-14,2022-11-14T17:11:30.000,2022-11-14T18:41:00.000,1.5,0,69,11,9,89,57,40,173,68,Monday
205,2022-11-15,2022-11-15T00:32:00.000,2022-11-15T06:04:00.000,5.5,0,289,43,0,332,71,43,160,58,Tuesday
204,2022-11-16,2022-11-15T22:47:30.000,2022-11-16T06:07:00.000,7.3,0,416,23,0,439,70,23,244,102,Wednesday
203,2022-11-17,2022-11-16T23:21:30.000,2022-11-17T06:05:00.000,6.7,0,341,62,5,403,83,62,180,78,Thursday
202,2022-11-21,2022-11-20T23:45:00.000,2022-11-21T05:58:00.000,6.2,0,339,34,0,373,75,34,154,110,Monday
201,2022-12-05,2022-12-05T18:36:00.000,2022-12-05T20:03:00.000,1.4,0,80,7,0,87,57,40,173,68,Monday
200,2022-12-06,2022-12-06T13:55:00.000,2022-12-06T15:49:00.000,1.9,0,109,4,1,114,57,40,173,68,Tuesday
199,2022-12-07,2022-12-07T00:01:30.000,2022-12-07T06:09:30.000,6.1,0,337,31,0,368,70,31,189,78,Wednesday
38,2022-12-08,2022-12-08T13:02:30.000,2022-12-08T14:35:30.000,1.6,0,88,5,0,93,57,40,173,68,Thursday
198,2022-12-08,2022-12-08T02:09:00.000,2022-12-08T06:13:30.000,4.1,0,224,20,0,244,44,20,133,47,Thursday
39,2022-12-08,2022-12-08T02:09:00.000,2022-12-08T06:13:30.000,4.1,0,224,20,0,244,44,20,133,47,Thursday
197,2022-12-08,2022-12-08T13:02:30.000,2022-12-08T14:35:30.000,1.6,0,88,5,0,93,57,40,173,68,Thursday
37,2022-12-09,2022-12-09T03:38:30.000,2022-12-09T09:46:00.000,6.1,0,335,32,0,367,54,32,211,70,Friday
36,2022-12-10,2022-12-10T00:21:30.000,2022-12-10T08:11:00.000,7.8,0,428,41,0,469,106,41,175,147,Saturday
35,2022-12-11,2022-12-11T01:35:00.000,2022-12-11T07:49:30.000,6.2,0,350,24,0,374,72,24,144,134,Sunday
33,2022-12-14,2022-12-14T07:39:00.000,2022-12-14T09:03:30.000,1.4,0,79,5,0,84,57,40,173,68,Wednesday
34,2022-12-14,2022-12-14T01:39:00.000,2022-12-14T06:34:30.000,4.9,0,268,27,0,295,42,27,138,88,Wednesday
32,2022-12-15,2022-12-14T22:41:30.000,2022-12-15T06:38:30.000,8.0,0,430,47,4,477,111,47,177,142,Thursday
31,2022-12-16,2022-12-15T22:50:00.000,2022-12-16T07:16:30.000,8.4,0,443,63,0,506,78,63,252,113,Friday
30,2022-12-17,2022-12-17T00:14:00.000,2022-12-17T07:13:00.000,7.0,0,363,56,0,419,92,56,163,108,Saturday
29,2022-12-19,2022-12-18T22:07:00.000,2022-12-19T06:10:30.000,8.0,0,413,70,5,483,99,70,210,104,Monday
28,2022-12-20,2022-12-19T22:23:30.000,2022-12-20T06:23:30.000,8.0,0,408,72,0,480,69,72,218,121,Tuesday
27,2022-12-21,2022-12-20T23:02:00.000,2022-12-21T06:34:30.000,7.5,0,401,51,0,452,104,51,215,82,Wednesday
26,2022-12-22,2022-12-21T23:58:00.000,2022-12-22T06:32:30.000,6.6,0,347,47,0,394,52,47,234,61,Thursday
24,2022-12-23,2022-12-23T07:56:00.000,2022-12-23T09:50:00.000,1.9,0,106,8,0,114,57,40,173,68,Friday
25,2022-12-23,2022-12-23T00:49:00.000,2022-12-23T06:37:30.000,5.8,0,299,49,4,348,24,49,213,62,Friday
23,2022-12-24,2022-12-23T23:19:30.000,2022-12-24T07:43:00.000,8.4,0,430,73,0,503,51,73,285,94,Saturday
22,2022-12-29,2022-12-29T00:28:30.000,2022-12-29T08:36:00.000,8.1,0,440,47,0,487,90,47,228,122,Thursday
21,2022-12-30,2022-12-30T00:43:30.000,2022-12-30T07:41:30.000,7.0,0,385,33,0,418,90,33,167,128,Friday
20,2022-12-31,2022-12-31T03:23:00.000,2022-12-31T09:27:30.000,6.1,0,330,34,0,364,53,34,222,55,Saturday
